timestamp,location,sensor,value
2023-12-31T20:02:00.000Z,zone-a,humidity,60.5
2023-12-31T22:04:00.000Z,zone-a,light,605.9
2023-12-31T22:20:00.000Z,zone-c,humidity,37.2
2024-01-01T00:44:00.000Z,zone-c,temperature,28.5
2024-01-01T01:49:00.000Z,zone-b,temperature,22.5
2024-01-01T01:50:00.000Z,zone-b,humidity,61.4
2024-01-01T03:01:00.000Z,zone-b,pressure,992.1
2024-01-01T09:46:00.000Z,zone-c,light,476.6
2024-01-01T09:51:00.000Z,zone-a,temperature,20.2
2024-01-01T10:10:00.000Z,zone-d,pressure,996.5
2024-01-01T11:37:00.000Z,zone-d,humidity,63.9
2024-01-01T12:04:00.000Z,zone-d,temperature,15
2024-01-01T12:45:00.000Z,zone-b,light,475.3
2024-01-01T12:45:00.000Z,zone-d,light,460.4
2024-01-01T15:39:00.000Z,zone-a,pressure,1014.3
2024-01-01T16:42:00.000Z,zone-c,pressure,1015.8
2024-01-01T19:37:00.000Z,zone-b,light,620.2
2024-01-01T20:42:00.000Z,zone-b,temperature,25.6
2024-01-01T23:06:00.000Z,zone-d,light,794.7
2024-01-02T02:07:00.000Z,zone-b,humidity,58.3
2024-01-02T02:55:00.000Z,zone-d,pressure,1015
2024-01-02T04:13:00.000Z,zone-d,temperature,16.4
2024-01-02T05:39:00.000Z,zone-a,pressure,1018.9
2024-01-02T06:09:00.000Z,zone-c,light,881.1
2024-01-02T10:22:00.000Z,zone-c,temperature,29.1
2024-01-02T11:15:00.000Z,zone-c,humidity,77.5
2024-01-02T11:36:00.000Z,zone-d,humidity,42.7
2024-01-02T12:11:00.000Z,zone-b,pressure,1006.6
2024-01-02T12:28:00.000Z,zone-a,temperature,19.2
2024-01-02T14:11:00.000Z,zone-c,pressure,1001.1
2024-01-02T14:17:00.000Z,zone-a,humidity,48.2
2024-01-02T15:49:00.000Z,zone-a,light,171.4
2024-01-02T20:53:00.000Z,zone-c,pressure,999.5
2024-01-02T21:45:00.000Z,zone-b,temperature,27
2024-01-02T21:53:00.000Z,zone-b,humidity,30.8
2024-01-03T00:51:00.000Z,zone-a,humidity,74
2024-01-03T03:06:00.000Z,zone-a,light,388.7
2024-01-03T04:40:00.000Z,zone-c,light,325.9
2024-01-03T06:57:00.000Z,zone-d,humidity,37.8
2024-01-03T07:02:00.000Z,zone-c,humidity,74.9
2024-01-03T07:45:00.000Z,zone-d,light,589.1
2024-01-03T10:46:00.000Z,zone-c,temperature,32.9
2024-01-03T12:10:00.000Z,zone-a,temperature,23.6
2024-01-03T12:27:00.000Z,zone-a,pressure,999
2024-01-03T14:27:00.000Z,zone-b,light,614.3
2024-01-03T17:01:00.000Z,zone-b,pressure,1009.6
2024-01-03T17:46:00.000Z,zone-d,pressure,1018.6
2024-01-03T18:03:00.000Z,zone-d,temperature,16.2
2024-01-03T19:32:00.000Z,zone-b,light,342.7
2024-01-03T20:11:00.000Z,zone-a,humidity,69
2024-01-03T20:17:00.000Z,zone-b,temperature,33.8
2024-01-03T20:35:00.000Z,zone-a,light,812.6
2024-01-03T22:01:00.000Z,zone-b,pressure,1019.7
2024-01-03T22:06:00.000Z,zone-c,temperature,20.9
2024-01-03T23:14:00.000Z,zone-d,temperature,18.5
2024-01-03T23:45:00.000Z,zone-a,pressure,998.6
2024-01-04T02:58:00.000Z,zone-c,pressure,992.4
2024-01-04T06:25:00.000Z,zone-b,humidity,42.3
2024-01-04T07:47:00.000Z,zone-d,pressure,1000.6
2024-01-04T08:27:00.000Z,zone-a,temperature,19.6
2024-01-04T08:44:00.000Z,zone-d,light,591.5
2024-01-04T09:33:00.000Z,zone-d,humidity,33.5
2024-01-04T14:17:00.000Z,zone-c,humidity,76.7
2024-01-04T15:07:00.000Z,zone-c,light,395.6
2024-01-04T19:18:00.000Z,zone-d,pressure,1009.2
2024-01-04T22:25:00.000Z,zone-a,temperature,26.9
2024-01-04T23:50:00.000Z,zone-c,humidity,73.9
2024-01-05T00:51:00.000Z,zone-d,humidity,47.1
2024-01-05T01:51:00.000Z,zone-b,pressure,1009.6
2024-01-05T08:10:00.000Z,zone-b,humidity,75.7
2024-01-05T08:30:00.000Z,zone-c,pressure,1001.8
2024-01-05T09:42:00.000Z,zone-d,temperature,21.2
2024-01-05T09:46:00.000Z,zone-a,pressure,995
2024-01-05T10:08:00.000Z,zone-c,temperature,19.6
2024-01-05T12:46:00.000Z,zone-b,light,836.2
2024-01-05T13:01:00.000Z,zone-d,light,839.7
2024-01-05T13:25:00.000Z,zone-a,humidity,55.1
2024-01-05T13:26:00.000Z,zone-a,light,840.4
2024-01-05T13:37:00.000Z,zone-c,light,193.5
2024-01-05T17:17:00.000Z,zone-b,temperature,34.4
2024-01-05T20:36:00.000Z,zone-c,humidity,66.5
2024-01-05T21:21:00.000Z,zone-c,pressure,1017.8
2024-01-05T23:07:00.000Z,zone-a,light,729.9
2024-01-05T23:35:00.000Z,zone-b,pressure,995
2024-01-05T23:39:00.000Z,zone-c,light,380.8
2024-01-06T00:24:00.000Z,zone-d,humidity,44.5
2024-01-06T00:32:00.000Z,zone-a,temperature,26.6
2024-01-06T03:07:00.000Z,zone-a,humidity,58.8
2024-01-06T04:33:00.000Z,zone-c,temperature,32.2
2024-01-06T04:59:00.000Z,zone-d,light,305.6
2024-01-06T08:31:00.000Z,zone-d,temperature,27.6
2024-01-06T14:49:00.000Z,zone-b,humidity,72.1
2024-01-06T15:00:00.000Z,zone-b,light,240.9
2024-01-06T15:14:00.000Z,zone-a,pressure,1019.4
2024-01-06T15:20:00.000Z,zone-d,pressure,1015.3
2024-01-06T17:21:00.000Z,zone-b,temperature,30.1
2024-01-06T20:10:00.000Z,zone-b,pressure,1019.6
2024-01-06T20:18:00.000Z,zone-c,light,376.9
2024-01-06T22:58:00.000Z,zone-d,temperature,21.4
2024-01-06T23:00:00.000Z,zone-b,light,593.5
2024-01-07T00:51:00.000Z,zone-d,light,473.2
2024-01-07T03:20:00.000Z,zone-b,temperature,16.2
2024-01-07T03:56:00.000Z,zone-a,pressure,997
2024-01-07T06:04:00.000Z,zone-b,humidity,44.8
2024-01-07T09:32:00.000Z,zone-d,pressure,1000.8
2024-01-07T09:59:00.000Z,zone-d,humidity,75.9
2024-01-07T10:11:00.000Z,zone-c,pressure,1003.9
2024-01-07T10:47:00.000Z,zone-c,humidity,73.6
2024-01-07T14:31:00.000Z,zone-c,temperature,21.3
2024-01-07T15:17:00.000Z,zone-a,humidity,30.7
2024-01-07T16:11:00.000Z,zone-a,temperature,30
2024-01-07T18:29:00.000Z,zone-a,light,100.8
2024-01-07T19:25:00.000Z,zone-a,temperature,20.5
2024-01-07T20:00:00.000Z,zone-d,pressure,1016.8
2024-01-07T20:01:00.000Z,zone-d,light,475.5
2024-01-08T00:12:00.000Z,zone-b,light,729.9
2024-01-08T00:41:00.000Z,zone-a,humidity,66.1
2024-01-08T01:37:00.000Z,zone-a,pressure,1004.6
2024-01-08T02:47:00.000Z,zone-d,humidity,75.3
2024-01-08T03:12:00.000Z,zone-a,light,147.8
2024-01-08T05:10:00.000Z,zone-b,humidity,42.7
2024-01-08T06:22:00.000Z,zone-b,pressure,1003.2
2024-01-08T10:08:00.000Z,zone-c,light,415.9
2024-01-08T10:25:00.000Z,zone-c,temperature,30.2
2024-01-08T13:35:00.000Z,zone-d,temperature,27.9
2024-01-08T16:28:00.000Z,zone-c,humidity,65.1
2024-01-08T18:03:00.000Z,zone-b,temperature,34.2
2024-01-08T18:08:00.000Z,zone-c,pressure,1011.5
2024-01-08T20:40:00.000Z,zone-c,light,570.5
2024-01-08T22:21:00.000Z,zone-b,humidity,39.7
2024-01-08T22:48:00.000Z,zone-d,humidity,33.2
2024-01-08T23:14:00.000Z,zone-a,light,808.1
2024-01-09T00:51:00.000Z,zone-b,light,128.9
2024-01-09T03:42:00.000Z,zone-d,pressure,992.2
2024-01-09T04:13:00.000Z,zone-b,pressure,1016.5
2024-01-09T07:12:00.000Z,zone-a,humidity,50.4
2024-01-09T07:13:00.000Z,zone-d,light,408.5
2024-01-09T07:14:00.000Z,zone-c,pressure,1009.3
2024-01-09T10:11:00.000Z,zone-d,temperature,17.6
2024-01-09T10:17:00.000Z,zone-c,temperature,30
2024-01-09T14:48:00.000Z,zone-a,temperature,33.8
2024-01-09T14:57:00.000Z,zone-c,humidity,39.6
2024-01-09T15:09:00.000Z,zone-b,temperature,30
2024-01-09T15:39:00.000Z,zone-a,pressure,991.9
2024-01-09T20:25:00.000Z,zone-a,humidity,63.2
2024-01-09T20:45:00.000Z,zone-a,light,562.9
2024-01-09T21:22:00.000Z,zone-b,pressure,998.5
2024-01-09T22:34:00.000Z,zone-d,light,787.9
2024-01-09T22:41:00.000Z,zone-c,humidity,51.7
2024-01-09T23:32:00.000Z,zone-d,humidity,47.6
2024-01-09T23:50:00.000Z,zone-a,temperature,17.3
2024-01-10T01:30:00.000Z,zone-b,temperature,27.8
2024-01-10T03:52:00.000Z,zone-c,pressure,1019.5
2024-01-10T06:21:00.000Z,zone-c,temperature,22.3
2024-01-10T07:51:00.000Z,zone-b,humidity,62.1
2024-01-10T11:28:00.000Z,zone-b,light,517.5
2024-01-10T11:53:00.000Z,zone-d,pressure,1017.6
2024-01-10T13:51:00.000Z,zone-c,light,479.6
2024-01-10T17:10:00.000Z,zone-d,temperature,34.1
2024-01-10T17:14:00.000Z,zone-a,pressure,991.6
2024-01-10T20:04:00.000Z,zone-b,pressure,998
2024-01-10T20:12:00.000Z,zone-b,temperature,30.6
2024-01-10T21:08:00.000Z,zone-d,temperature,25.1
2024-01-10T23:56:00.000Z,zone-a,temperature,31.9
2024-01-11T00:23:00.000Z,zone-d,pressure,1011
2024-01-11T03:42:00.000Z,zone-c,temperature,23.5
2024-01-11T05:19:00.000Z,zone-c,light,418.9
2024-01-11T05:48:00.000Z,zone-d,light,654.1
2024-01-11T05:50:00.000Z,zone-a,humidity,66.9
2024-01-11T05:55:00.000Z,zone-a,light,159.3
2024-01-11T06:08:00.000Z,zone-c,humidity,63
2024-01-11T08:47:00.000Z,zone-d,humidity,56.5
2024-01-11T11:17:00.000Z,zone-b,humidity,79.9
2024-01-11T11:28:00.000Z,zone-a,pressure,1015.5
2024-01-11T12:24:00.000Z,zone-b,light,713.6
2024-01-11T14:29:00.000Z,zone-c,pressure,1016
2024-01-11T22:27:00.000Z,zone-b,light,356.2
2024-01-11T23:43:00.000Z,zone-d,temperature,23.8
2024-01-11T23:49:00.000Z,zone-a,temperature,33.4
2024-01-11T23:52:00.000Z,zone-b,temperature,15.7
2024-01-12T04:30:00.000Z,zone-c,humidity,57.5
2024-01-12T06:31:00.000Z,zone-d,pressure,1009.3
2024-01-12T06:50:00.000Z,zone-b,pressure,1017.2
2024-01-12T09:53:00.000Z,zone-c,pressure,991.9
2024-01-12T11:33:00.000Z,zone-d,light,786.7
2024-01-12T12:04:00.000Z,zone-c,light,784.6
2024-01-12T12:37:00.000Z,zone-d,humidity,76.8
2024-01-12T12:57:00.000Z,zone-a,pressure,991.9
2024-01-12T13:11:00.000Z,zone-b,humidity,73.6
2024-01-12T14:12:00.000Z,zone-c,temperature,31.5
2024-01-12T17:11:00.000Z,zone-a,humidity,30.9
2024-01-12T18:25:00.000Z,zone-a,light,837.5
2024-01-12T21:50:00.000Z,zone-b,humidity,53.2
2024-01-13T02:25:00.000Z,zone-a,humidity,51.8
2024-01-13T02:52:00.000Z,zone-d,light,154.9
2024-01-13T03:33:00.000Z,zone-c,pressure,998
2024-01-13T08:20:00.000Z,zone-b,temperature,30.8
2024-01-13T09:26:00.000Z,zone-c,temperature,28.9
2024-01-13T11:06:00.000Z,zone-d,pressure,995
2024-01-13T11:37:00.000Z,zone-b,pressure,1009.6
2024-01-13T11:45:00.000Z,zone-a,pressure,992.6
2024-01-13T11:46:00.000Z,zone-a,light,737.6
2024-01-13T12:17:00.000Z,zone-c,humidity,32
2024-01-13T14:24:00.000Z,zone-a,temperature,34.7
2024-01-13T15:02:00.000Z,zone-c,light,637.8
2024-01-13T15:29:00.000Z,zone-d,temperature,18.9
2024-01-13T16:14:00.000Z,zone-b,light,180.6
2024-01-13T17:21:00.000Z,zone-d,humidity,59.1
2024-01-13T20:47:00.000Z,zone-b,pressure,1009
2024-01-13T20:50:00.000Z,zone-a,humidity,49.6
2024-01-13T21:42:00.000Z,zone-d,light,887.1
2024-01-13T23:13:00.000Z,zone-d,humidity,68.1
2024-01-13T23:28:00.000Z,zone-d,pressure,1010.9
2024-01-13T23:58:00.000Z,zone-b,light,262.8
2024-01-14T00:29:00.000Z,zone-d,temperature,19.4
2024-01-14T00:53:00.000Z,zone-c,light,408.5
2024-01-14T02:13:00.000Z,zone-a,pressure,1008.7
2024-01-14T03:27:00.000Z,zone-b,temperature,26
2024-01-14T11:35:00.000Z,zone-c,pressure,1011.3
2024-01-14T12:10:00.000Z,zone-a,light,547
2024-01-14T14:53:00.000Z,zone-a,temperature,26.8
2024-01-14T15:36:00.000Z,zone-b,humidity,55.5
2024-01-14T17:08:00.000Z,zone-c,temperature,20.4
2024-01-14T17:15:00.000Z,zone-c,humidity,69.7
2024-01-14T19:12:00.000Z,zone-d,light,658.2
2024-01-15T01:19:00.000Z,zone-d,temperature,18.4
2024-01-15T03:03:00.000Z,zone-c,temperature,18.5
2024-01-15T04:21:00.000Z,zone-b,pressure,992.4
2024-01-15T04:50:00.000Z,zone-d,humidity,56.1
2024-01-15T04:53:00.000Z,zone-c,light,730.8
2024-01-15T06:07:00.000Z,zone-d,pressure,1004.4
2024-01-15T06:30:00.000Z,zone-a,humidity,36.3
2024-01-15T06:52:00.000Z,zone-a,light,643
2024-01-15T08:05:00.000Z,zone-b,temperature,28.3
2024-01-15T08:49:00.000Z,zone-b,light,700.3
2024-01-15T12:13:00.000Z,zone-b,humidity,66.6
2024-01-15T14:40:00.000Z,zone-c,pressure,1016.3
2024-01-15T15:10:00.000Z,zone-c,humidity,76.5
2024-01-15T15:14:00.000Z,zone-a,pressure,1017.3
2024-01-15T16:09:00.000Z,zone-a,temperature,27.2
2024-01-15T18:31:00.000Z,zone-a,light,613.4
2024-01-15T19:30:00.000Z,zone-c,humidity,49
2024-01-15T23:39:00.000Z,zone-a,pressure,990.5
2024-01-16T00:34:00.000Z,zone-d,temperature,16.2
2024-01-16T02:39:00.000Z,zone-d,light,194.1
2024-01-16T04:44:00.000Z,zone-a,humidity,75.9
2024-01-16T06:10:00.000Z,zone-c,temperature,16.9
2024-01-16T07:21:00.000Z,zone-b,humidity,70.7
2024-01-16T08:06:00.000Z,zone-b,light,561.9
2024-01-16T11:04:00.000Z,zone-b,pressure,1007.2
2024-01-16T11:23:00.000Z,zone-a,temperature,20.9
2024-01-16T11:32:00.000Z,zone-d,pressure,999.8
2024-01-16T15:16:00.000Z,zone-b,temperature,17.2
2024-01-16T15:25:00.000Z,zone-c,pressure,1016.1
2024-01-16T15:37:00.000Z,zone-d,humidity,55.8
2024-01-16T17:06:00.000Z,zone-c,light,345.1
2024-01-16T19:04:00.000Z,zone-b,light,104.8
2024-01-16T21:27:00.000Z,zone-a,light,828.5
2024-01-16T22:13:00.000Z,zone-d,pressure,1005.1
2024-01-17T00:00:00.000Z,zone-d,light,329.4
2024-01-17T00:01:00.000Z,zone-b,humidity,75.8
2024-01-17T01:46:00.000Z,zone-d,humidity,36.8
2024-01-17T02:19:00.000Z,zone-c,light,158.8
2024-01-17T04:05:00.000Z,zone-a,pressure,1009.8
2024-01-17T05:08:00.000Z,zone-c,humidity,35.7
2024-01-17T07:37:00.000Z,zone-a,temperature,24.8
2024-01-17T09:52:00.000Z,zone-c,temperature,31
2024-01-17T11:02:00.000Z,zone-c,pressure,1000.1
2024-01-17T11:17:00.000Z,zone-b,temperature,31.3
2024-01-17T12:22:00.000Z,zone-d,temperature,20.3
2024-01-17T12:35:00.000Z,zone-b,pressure,1013.4
2024-01-17T13:00:00.000Z,zone-a,humidity,53.4
2024-01-17T20:11:00.000Z,zone-c,humidity,71.9
2024-01-17T23:59:00.000Z,zone-b,temperature,34.1
2024-01-18T01:40:00.000Z,zone-d,humidity,63.1
2024-01-18T02:09:00.000Z,zone-a,humidity,60.6
2024-01-18T05:13:00.000Z,zone-b,humidity,31.2
2024-01-18T05:36:00.000Z,zone-c,temperature,18.6
2024-01-18T06:16:00.000Z,zone-d,light,655.4
2024-01-18T06:52:00.000Z,zone-b,pressure,1015.6
2024-01-18T07:52:00.000Z,zone-b,light,585.7
2024-01-18T08:03:00.000Z,zone-d,temperature,34.1
2024-01-18T10:02:00.000Z,zone-a,light,152.8
2024-01-18T10:27:00.000Z,zone-a,temperature,17.3
2024-01-18T11:56:00.000Z,zone-a,pressure,996.9
2024-01-18T14:14:00.000Z,zone-c,light,163.9
2024-01-18T14:37:00.000Z,zone-c,pressure,1015
2024-01-18T16:01:00.000Z,zone-d,pressure,1011.6
2024-01-18T19:16:00.000Z,zone-a,humidity,51.1
2024-01-18T19:48:00.000Z,zone-b,pressure,1000.7
2024-01-18T20:46:00.000Z,zone-a,temperature,33.5
2024-01-18T21:18:00.000Z,zone-b,humidity,77.4
2024-01-18T22:32:00.000Z,zone-b,light,748.4
2024-01-18T23:03:00.000Z,zone-b,temperature,31.6
2024-01-19T00:41:00.000Z,zone-d,humidity,62.7
2024-01-19T02:04:00.000Z,zone-d,temperature,21.5
2024-01-19T03:31:00.000Z,zone-c,temperature,34.5
2024-01-19T07:13:00.000Z,zone-d,light,124.3
2024-01-19T07:43:00.000Z,zone-c,pressure,996.7
2024-01-19T09:56:00.000Z,zone-a,pressure,1012.3
2024-01-19T10:24:00.000Z,zone-a,light,532.2
2024-01-19T13:46:00.000Z,zone-c,humidity,41.2
2024-01-19T15:18:00.000Z,zone-d,pressure,1007.7
2024-01-19T17:18:00.000Z,zone-c,light,776.1
2024-01-19T19:03:00.000Z,zone-b,light,571.2
2024-01-19T19:18:00.000Z,zone-d,humidity,51.6
2024-01-19T23:29:00.000Z,zone-a,temperature,21
2024-01-20T01:02:00.000Z,zone-d,temperature,28.6
2024-01-20T01:19:00.000Z,zone-d,pressure,1016.4
2024-01-20T04:13:00.000Z,zone-b,temperature,28
2024-01-20T05:21:00.000Z,zone-a,light,254.9
2024-01-20T06:02:00.000Z,zone-b,humidity,45.1
2024-01-20T07:02:00.000Z,zone-a,pressure,991.1
2024-01-20T07:21:00.000Z,zone-c,temperature,29
2024-01-20T07:34:00.000Z,zone-c,light,776
2024-01-20T08:16:00.000Z,zone-c,pressure,1007.9
2024-01-20T10:38:00.000Z,zone-a,humidity,31.4
2024-01-20T13:14:00.000Z,zone-b,pressure,1011.1
2024-01-20T15:55:00.000Z,zone-d,light,520.4
2024-01-20T16:37:00.000Z,zone-c,humidity,79.7
2024-01-20T19:18:00.000Z,zone-d,temperature,30.7
2024-01-20T19:22:00.000Z,zone-c,humidity,79.2
2024-01-20T19:38:00.000Z,zone-b,humidity,43.9
2024-01-20T21:49:00.000Z,zone-d,pressure,1012.8
2024-01-20T22:01:00.000Z,zone-b,light,445.7
2024-01-21T01:04:00.000Z,zone-b,pressure,995
2024-01-21T02:14:00.000Z,zone-c,pressure,1008.9
2024-01-21T03:28:00.000Z,zone-a,humidity,35.6
2024-01-21T03:28:00.000Z,zone-d,humidity,44.3
2024-01-21T04:33:00.000Z,zone-b,temperature,28.4
2024-01-21T05:24:00.000Z,zone-a,light,340.7
2024-01-21T06:30:00.000Z,zone-a,pressure,998.3
2024-01-21T06:50:00.000Z,zone-c,temperature,15.8
2024-01-21T08:24:00.000Z,zone-d,light,565.7
2024-01-21T10:21:00.000Z,zone-c,light,766.1
2024-01-21T16:39:00.000Z,zone-a,temperature,31.9
2024-01-21T18:59:00.000Z,zone-c,light,167.3
2024-01-21T22:20:00.000Z,zone-d,temperature,34.3
2024-01-21T22:50:00.000Z,zone-b,pressure,1009.8
2024-01-21T23:55:00.000Z,zone-a,light,280.6
2024-01-22T01:11:00.000Z,zone-a,temperature,20.5
2024-01-22T02:05:00.000Z,zone-d,light,802.7
2024-01-22T04:22:00.000Z,zone-c,pressure,1018.3
2024-01-22T06:06:00.000Z,zone-d,pressure,992.7
2024-01-22T06:35:00.000Z,zone-c,humidity,45.5
2024-01-22T07:36:00.000Z,zone-b,humidity,74
2024-01-22T11:25:00.000Z,zone-b,light,452.5
2024-01-22T12:34:00.000Z,zone-c,temperature,31.3
2024-01-22T13:20:00.000Z,zone-a,pressure,995
2024-01-22T13:31:00.000Z,zone-b,temperature,30.4
2024-01-22T13:49:00.000Z,zone-a,humidity,58.1
2024-01-22T17:30:00.000Z,zone-d,humidity,55.1
2024-01-22T21:35:00.000Z,zone-b,pressure,1008.8
2024-01-22T23:06:00.000Z,zone-c,temperature,19.9
2024-01-22T23:06:00.000Z,zone-d,humidity,79.3
2024-01-22T23:42:00.000Z,zone-c,light,199.7
2024-01-22T23:54:00.000Z,zone-d,temperature,18.7
2024-01-23T02:46:00.000Z,zone-a,light,470.6
2024-01-23T04:01:00.000Z,zone-b,light,417.3
2024-01-23T05:46:00.000Z,zone-b,temperature,17.2
2024-01-23T06:23:00.000Z,zone-a,humidity,47.1
2024-01-23T09:23:00.000Z,zone-a,temperature,32.6
2024-01-23T11:08:00.000Z,zone-c,humidity,63.7
2024-01-23T12:58:00.000Z,zone-d,pressure,1014.5
2024-01-23T13:53:00.000Z,zone-c,pressure,995.1
2024-01-23T14:06:00.000Z,zone-d,light,481.4
2024-01-23T15:00:00.000Z,zone-b,humidity,42.8
2024-01-23T18:09:00.000Z,zone-a,pressure,1018.2
2024-01-23T20:19:00.000Z,zone-d,humidity,62.8
2024-01-23T22:44:00.000Z,zone-a,humidity,61.6
2024-01-24T06:28:00.000Z,zone-c,humidity,65.1
2024-01-24T07:23:00.000Z,zone-a,light,536.6
2024-01-24T08:40:00.000Z,zone-a,temperature,19.3
2024-01-24T10:50:00.000Z,zone-c,light,177.5
2024-01-24T11:02:00.000Z,zone-a,pressure,997
2024-01-24T11:26:00.000Z,zone-b,temperature,27.6
2024-01-24T13:09:00.000Z,zone-d,light,899.4
2024-01-24T14:23:00.000Z,zone-b,humidity,44.3
2024-01-24T15:47:00.000Z,zone-b,pressure,1013.8
2024-01-24T15:48:00.000Z,zone-c,pressure,1014.1
2024-01-24T16:30:00.000Z,zone-c,temperature,27.2
2024-01-24T17:23:00.000Z,zone-d,temperature,28.2
2024-01-24T18:12:00.000Z,zone-b,light,718.5
2024-01-24T18:25:00.000Z,zone-d,pressure,1011.7
2024-01-24T19:40:00.000Z,zone-d,temperature,17.2
2024-01-24T19:45:00.000Z,zone-d,pressure,1016.4
2024-01-24T22:06:00.000Z,zone-d,light,506.5
2024-01-24T23:04:00.000Z,zone-a,pressure,998
2024-01-24T23:33:00.000Z,zone-c,light,808.3
2024-01-25T01:56:00.000Z,zone-c,humidity,33.1
2024-01-25T02:23:00.000Z,zone-b,pressure,1016.7
2024-01-25T03:38:00.000Z,zone-a,temperature,30.3
2024-01-25T04:00:00.000Z,zone-b,humidity,41.7
2024-01-25T05:40:00.000Z,zone-c,pressure,1018.4
2024-01-25T06:11:00.000Z,zone-a,light,862.1
2024-01-25T12:24:00.000Z,zone-b,light,695.8
2024-01-25T13:18:00.000Z,zone-b,temperature,27.6
2024-01-25T13:21:00.000Z,zone-a,humidity,46.2
2024-01-25T16:37:00.000Z,zone-d,humidity,60.8
2024-01-25T17:00:00.000Z,zone-c,temperature,18.8
2024-01-25T20:08:00.000Z,zone-d,light,224.1
2024-01-25T20:53:00.000Z,zone-a,light,331.5
2024-01-25T22:30:00.000Z,zone-b,light,286.8
2024-01-25T23:00:00.000Z,zone-b,temperature,25.5
2024-01-25T23:59:00.000Z,zone-b,pressure,1017.5
2024-01-26T01:10:00.000Z,zone-b,humidity,66.1
2024-01-26T01:14:00.000Z,zone-c,humidity,73.7
2024-01-26T01:30:00.000Z,zone-a,temperature,24.4
2024-01-26T05:41:00.000Z,zone-d,humidity,40.5
2024-01-26T07:20:00.000Z,zone-d,pressure,993.5
2024-01-26T07:39:00.000Z,zone-a,pressure,990.7
2024-01-26T15:25:00.000Z,zone-c,temperature,26.2
2024-01-26T15:46:00.000Z,zone-a,humidity,39.5
2024-01-26T16:38:00.000Z,zone-c,pressure,1004.6
2024-01-26T17:03:00.000Z,zone-c,light,319.9
2024-01-26T17:07:00.000Z,zone-d,temperature,23.5
2024-01-26T21:12:00.000Z,zone-b,light,549.7
2024-01-26T22:59:00.000Z,zone-a,pressure,998.4
2024-01-26T23:16:00.000Z,zone-b,pressure,996.9
2024-01-27T00:05:00.000Z,zone-c,light,683.5
2024-01-27T01:26:00.000Z,zone-d,humidity,56.3
2024-01-27T02:25:00.000Z,zone-d,pressure,1003.6
2024-01-27T04:06:00.000Z,zone-c,humidity,52.5
2024-01-27T06:44:00.000Z,zone-b,temperature,34.9
2024-01-27T08:00:00.000Z,zone-b,humidity,41
2024-01-27T09:23:00.000Z,zone-d,light,213.4
2024-01-27T09:41:00.000Z,zone-c,pressure,1012.9
2024-01-27T10:32:00.000Z,zone-a,humidity,79.8
2024-01-27T11:03:00.000Z,zone-c,temperature,15
2024-01-27T13:00:00.000Z,zone-a,light,769.2
2024-01-27T13:50:00.000Z,zone-d,temperature,18.9
2024-01-27T18:08:00.000Z,zone-a,temperature,28.7
2024-01-27T20:47:00.000Z,zone-b,humidity,52.6
2024-01-27T20:48:00.000Z,zone-c,temperature,19.5
2024-01-27T22:55:00.000Z,zone-a,light,608.6
2024-01-27T23:00:00.000Z,zone-c,light,165.5
2024-01-28T01:12:00.000Z,zone-d,light,104.2
2024-01-28T02:33:00.000Z,zone-a,humidity,70.9
2024-01-28T04:45:00.000Z,zone-d,pressure,1004.1
2024-01-28T08:58:00.000Z,zone-a,pressure,1006.9
2024-01-28T09:34:00.000Z,zone-d,humidity,32.5
2024-01-28T10:29:00.000Z,zone-b,temperature,30.8
2024-01-28T11:45:00.000Z,zone-c,pressure,993.3
2024-01-28T12:25:00.000Z,zone-c,humidity,32.9
2024-01-28T12:45:00.000Z,zone-d,temperature,33.8
2024-01-28T13:24:00.000Z,zone-a,temperature,34.3
2024-01-28T14:28:00.000Z,zone-b,pressure,1005.9
2024-01-28T15:10:00.000Z,zone-b,light,798.6
2024-01-28T18:40:00.000Z,zone-d,pressure,1003.7
2024-01-28T18:53:00.000Z,zone-c,humidity,32.8
2024-01-28T20:38:00.000Z,zone-b,light,652.9
2024-01-28T23:53:00.000Z,zone-c,temperature,15.9
2024-01-29T00:57:00.000Z,zone-a,light,406.6
2024-01-29T02:19:00.000Z,zone-d,humidity,32.6
2024-01-29T05:18:00.000Z,zone-a,humidity,73
2024-01-29T05:43:00.000Z,zone-a,temperature,28.6
2024-01-29T06:47:00.000Z,zone-c,light,279.5
2024-01-29T07:31:00.000Z,zone-a,pressure,990.9
2024-01-29T08:04:00.000Z,zone-d,temperature,27.6
2024-01-29T08:10:00.000Z,zone-d,light,496.8
2024-01-29T09:49:00.000Z,zone-b,temperature,24.6
2024-01-29T10:31:00.000Z,zone-b,humidity,40.5
2024-01-29T12:31:00.000Z,zone-c,pressure,1009.4
2024-01-29T16:58:00.000Z,zone-b,pressure,997.4
2024-01-29T18:47:00.000Z,zone-d,pressure,999.1
2024-01-29T19:40:00.000Z,zone-b,humidity,76.6
2024-01-29T20:21:00.000Z,zone-b,pressure,1018.1
2024-01-29T21:00:00.000Z,zone-c,light,331.4
2024-01-30T03:06:00.000Z,zone-a,temperature,31.5
2024-01-30T04:22:00.000Z,zone-d,temperature,24.8
2024-01-30T04:24:00.000Z,zone-d,humidity,42.9
2024-01-30T04:47:00.000Z,zone-b,light,255.6
2024-01-30T05:26:00.000Z,zone-a,pressure,993.8
2024-01-30T05:39:00.000Z,zone-c,pressure,990.3
2024-01-30T07:09:00.000Z,zone-c,humidity,34.1
2024-01-30T08:12:00.000Z,zone-a,light,603.4
2024-01-30T13:58:00.000Z,zone-d,light,874.8
2024-01-30T16:38:00.000Z,zone-c,temperature,21.1
2024-01-30T17:27:00.000Z,zone-a,humidity,78.3
2024-01-30T18:00:00.000Z,zone-b,temperature,21.3
2024-01-30T19:36:00.000Z,zone-c,pressure,1017.6
2024-01-30T22:08:00.000Z,zone-d,pressure,1015.4
2024-01-30T23:01:00.000Z,zone-d,humidity,33.2
2024-01-30T23:33:00.000Z,zone-b,pressure,1015.4
2024-01-31T01:46:00.000Z,zone-c,humidity,38.9
2024-01-31T02:44:00.000Z,zone-b,temperature,28.2
2024-01-31T06:34:00.000Z,zone-a,light,106.7
2024-01-31T08:11:00.000Z,zone-d,temperature,26.4
2024-01-31T08:17:00.000Z,zone-a,humidity,70.9
2024-01-31T09:30:00.000Z,zone-a,pressure,1016.1
2024-01-31T10:18:00.000Z,zone-b,light,609.6
2024-01-31T11:26:00.000Z,zone-c,temperature,34.3
2024-01-31T13:26:00.000Z,zone-d,light,148.8
2024-01-31T13:48:00.000Z,zone-a,temperature,26.6
2024-01-31T16:48:00.000Z,zone-b,humidity,33.9
2024-01-31T17:11:00.000Z,zone-c,light,599
2024-01-31T19:16:00.000Z,zone-a,pressure,1004.6
2024-01-31T19:19:00.000Z,zone-a,humidity,76.3
2024-01-31T19:23:00.000Z,zone-a,temperature,33.6
2024-02-01T00:22:00.000Z,zone-b,pressure,1009.3
2024-02-01T02:15:00.000Z,zone-b,humidity,50.2
2024-02-01T02:54:00.000Z,zone-d,temperature,19.2
2024-02-01T03:27:00.000Z,zone-b,light,541
2024-02-01T04:48:00.000Z,zone-a,light,619.3
2024-02-01T09:05:00.000Z,zone-d,light,274.4
2024-02-01T09:20:00.000Z,zone-c,temperature,28.7
2024-02-01T10:22:00.000Z,zone-d,pressure,1009.9
2024-02-01T10:24:00.000Z,zone-d,humidity,40
2024-02-01T12:38:00.000Z,zone-c,light,274.8
2024-02-01T14:02:00.000Z,zone-c,humidity,36.1
2024-02-01T14:27:00.000Z,zone-b,temperature,25.2
2024-02-01T17:37:00.000Z,zone-c,pressure,999.9
2024-02-01T20:10:00.000Z,zone-b,temperature,27.9
2024-02-02T00:19:00.000Z,zone-c,humidity,76.2
2024-02-02T02:45:00.000Z,zone-d,temperature,18
2024-02-02T03:58:00.000Z,zone-a,light,626.3
2024-02-02T05:10:00.000Z,zone-d,humidity,49.7
2024-02-02T06:51:00.000Z,zone-b,pressure,1019.8
2024-02-02T08:45:00.000Z,zone-d,light,275
2024-02-02T09:54:00.000Z,zone-a,temperature,27.3
2024-02-02T10:16:00.000Z,zone-c,temperature,28.8
2024-02-02T12:21:00.000Z,zone-a,humidity,59.8
2024-02-02T14:31:00.000Z,zone-b,light,429.5
2024-02-02T15:15:00.000Z,zone-c,pressure,1002.5
2024-02-02T15:16:00.000Z,zone-d,pressure,1012.3
2024-02-02T17:02:00.000Z,zone-c,light,456.1
2024-02-02T17:34:00.000Z,zone-a,pressure,1011.3
2024-02-02T18:25:00.000Z,zone-b,humidity,53.2
2024-02-02T21:02:00.000Z,zone-d,temperature,32.2
2024-02-02T22:08:00.000Z,zone-b,pressure,1004.7
2024-02-02T23:30:00.000Z,zone-c,pressure,998.2
2024-02-03T00:01:00.000Z,zone-d,humidity,56.2
2024-02-03T01:23:00.000Z,zone-c,temperature,19.2
2024-02-03T06:26:00.000Z,zone-a,temperature,28.7
2024-02-03T07:11:00.000Z,zone-a,pressure,991.9
2024-02-03T07:33:00.000Z,zone-a,light,851.6
2024-02-03T07:39:00.000Z,zone-d,pressure,1004.6
2024-02-03T07:40:00.000Z,zone-b,light,612.7
2024-02-03T07:52:00.000Z,zone-a,humidity,69.4
2024-02-03T09:21:00.000Z,zone-b,temperature,20.1
2024-02-03T10:28:00.000Z,zone-c,humidity,73.8
2024-02-03T11:30:00.000Z,zone-b,humidity,37.4
2024-02-03T12:05:00.000Z,zone-d,light,849.9
2024-02-03T15:06:00.000Z,zone-c,light,281.5
2024-02-03T18:57:00.000Z,zone-a,humidity,50.6
2024-02-04T00:30:00.000Z,zone-b,light,564.6
2024-02-04T00:55:00.000Z,zone-b,humidity,78.5
2024-02-04T01:35:00.000Z,zone-c,pressure,1018
2024-02-04T02:32:00.000Z,zone-b,pressure,990
2024-02-04T03:37:00.000Z,zone-b,temperature,15.4
2024-02-04T04:22:00.000Z,zone-d,light,786.8
2024-02-04T06:29:00.000Z,zone-c,humidity,61.4
2024-02-04T06:32:00.000Z,zone-a,light,437
2024-02-04T06:40:00.000Z,zone-d,pressure,1013
2024-02-04T07:49:00.000Z,zone-c,temperature,25.9
2024-02-04T08:25:00.000Z,zone-a,temperature,16.1
2024-02-04T08:46:00.000Z,zone-a,pressure,1008.4
2024-02-04T12:01:00.000Z,zone-d,temperature,19.7
2024-02-04T16:30:00.000Z,zone-d,humidity,71.6
2024-02-04T16:45:00.000Z,zone-c,light,749.6
2024-02-04T18:38:00.000Z,zone-c,light,726.5
2024-02-04T20:45:00.000Z,zone-a,pressure,1007.7
2024-02-04T21:30:00.000Z,zone-d,humidity,71.5
2024-02-04T22:45:00.000Z,zone-b,temperature,34.7
2024-02-04T22:55:00.000Z,zone-d,light,760.8
2024-02-04T22:59:00.000Z,zone-b,light,352.5
2024-02-04T23:07:00.000Z,zone-b,pressure,1015.9
2024-02-05T00:17:00.000Z,zone-c,pressure,992.4
2024-02-05T01:12:00.000Z,zone-c,humidity,48.7
2024-02-05T03:27:00.000Z,zone-b,humidity,55.9
2024-02-05T04:13:00.000Z,zone-a,light,456.9
2024-02-05T08:41:00.000Z,zone-c,temperature,33.4
2024-02-05T08:49:00.000Z,zone-d,pressure,990.7
2024-02-05T11:30:00.000Z,zone-d,temperature,22.6
2024-02-05T15:56:00.000Z,zone-a,humidity,50.4
2024-02-05T16:06:00.000Z,zone-a,temperature,15.4
2024-02-05T19:31:00.000Z,zone-a,temperature,25.9
2024-02-05T19:48:00.000Z,zone-d,humidity,43.4
2024-02-05T21:14:00.000Z,zone-d,light,672.1
2024-02-05T23:13:00.000Z,zone-b,light,562.9
2024-02-05T23:54:00.000Z,zone-d,pressure,1006.8
2024-02-06T03:00:00.000Z,zone-a,humidity,65.7
2024-02-06T04:33:00.000Z,zone-c,humidity,30.4
2024-02-06T04:47:00.000Z,zone-b,pressure,996.6
2024-02-06T08:22:00.000Z,zone-b,temperature,16.6
2024-02-06T09:28:00.000Z,zone-c,light,794.9
2024-02-06T10:22:00.000Z,zone-a,light,548.4
2024-02-06T11:12:00.000Z,zone-c,temperature,18.6
2024-02-06T12:22:00.000Z,zone-d,temperature,29.1
2024-02-06T13:59:00.000Z,zone-a,pressure,1001.2
2024-02-06T16:16:00.000Z,zone-c,pressure,1019.6
2024-02-06T16:35:00.000Z,zone-b,humidity,31.2
2024-02-06T21:49:00.000Z,zone-d,light,124.7
2024-02-07T00:38:00.000Z,zone-d,temperature,22.1
2024-02-07T00:43:00.000Z,zone-a,temperature,18.3
2024-02-07T02:27:00.000Z,zone-d,pressure,1000.9
2024-02-07T03:04:00.000Z,zone-b,light,867.1
2024-02-07T03:49:00.000Z,zone-b,humidity,36
2024-02-07T04:35:00.000Z,zone-c,humidity,66.4
2024-02-07T05:17:00.000Z,zone-b,temperature,30.4
2024-02-07T06:15:00.000Z,zone-a,pressure,1006.9
2024-02-07T07:42:00.000Z,zone-c,temperature,21.8
2024-02-07T08:08:00.000Z,zone-c,light,884.2
2024-02-07T10:11:00.000Z,zone-a,light,350.6
2024-02-07T11:48:00.000Z,zone-d,humidity,47.8
2024-02-07T12:15:00.000Z,zone-b,pressure,999.6
2024-02-07T15:34:00.000Z,zone-c,pressure,1006
2024-02-07T16:20:00.000Z,zone-a,humidity,32.1
2024-02-07T19:52:00.000Z,zone-b,light,894
2024-02-08T00:07:00.000Z,zone-a,temperature,23.2
2024-02-08T01:01:00.000Z,zone-b,humidity,63.1
2024-02-08T02:35:00.000Z,zone-a,humidity,40.6
2024-02-08T03:04:00.000Z,zone-c,light,482.1
2024-02-08T03:08:00.000Z,zone-b,temperature,29.6
2024-02-08T04:47:00.000Z,zone-c,temperature,18.8
2024-02-08T06:43:00.000Z,zone-d,humidity,32.5
2024-02-08T08:01:00.000Z,zone-b,pressure,996.7
2024-02-08T08:45:00.000Z,zone-c,humidity,32.1
2024-02-08T09:54:00.000Z,zone-d,pressure,1005
2024-02-08T10:14:00.000Z,zone-a,pressure,993.4
2024-02-08T10:18:00.000Z,zone-d,temperature,21.6
2024-02-08T15:37:00.000Z,zone-c,pressure,1005
2024-02-08T16:01:00.000Z,zone-a,light,453.5
2024-02-08T17:22:00.000Z,zone-d,light,663
2024-02-08T22:45:00.000Z,zone-d,humidity,34.2
2024-02-08T23:35:00.000Z,zone-a,pressure,997.7
2024-02-09T02:36:00.000Z,zone-a,temperature,19.9
2024-02-09T02:41:00.000Z,zone-d,light,299.9
2024-02-09T03:06:00.000Z,zone-d,pressure,1015
2024-02-09T03:29:00.000Z,zone-c,pressure,1002.6
2024-02-09T04:04:00.000Z,zone-b,temperature,34.5
2024-02-09T04:15:00.000Z,zone-b,humidity,37.8
2024-02-09T05:31:00.000Z,zone-b,pressure,992.9
2024-02-09T08:04:00.000Z,zone-d,temperature,25.7
2024-02-09T08:20:00.000Z,zone-c,light,766.6
2024-02-09T08:47:00.000Z,zone-b,light,301.9
2024-02-09T08:59:00.000Z,zone-a,light,312.5
2024-02-09T11:31:00.000Z,zone-a,humidity,32.9
2024-02-09T13:44:00.000Z,zone-c,temperature,28.6
2024-02-09T16:09:00.000Z,zone-c,humidity,56.6
2024-02-09T22:05:00.000Z,zone-b,temperature,24.8
2024-02-10T00:02:00.000Z,zone-a,humidity,55.2
2024-02-10T00:42:00.000Z,zone-b,light,431.2
2024-02-10T04:08:00.000Z,zone-b,pressure,996.7
2024-02-10T04:12:00.000Z,zone-d,light,740.5
2024-02-10T05:48:00.000Z,zone-c,light,504.3
2024-02-10T07:53:00.000Z,zone-a,temperature,15.3
2024-02-10T09:05:00.000Z,zone-c,temperature,29.5
2024-02-10T10:09:00.000Z,zone-a,light,564.2
2024-02-10T10:33:00.000Z,zone-d,pressure,1015.2
2024-02-10T11:47:00.000Z,zone-a,pressure,1005.6
2024-02-10T12:31:00.000Z,zone-c,humidity,61.2
2024-02-10T13:07:00.000Z,zone-c,pressure,999.2
2024-02-10T13:11:00.000Z,zone-b,humidity,78
2024-02-10T14:40:00.000Z,zone-d,temperature,30.6
2024-02-10T17:25:00.000Z,zone-d,humidity,40.1
2024-02-10T18:37:00.000Z,zone-c,temperature,20.8
2024-02-10T19:03:00.000Z,zone-c,humidity,48
2024-02-10T20:05:00.000Z,zone-b,pressure,1010.6
2024-02-10T23:39:00.000Z,zone-b,temperature,25.4
2024-02-11T00:06:00.000Z,zone-b,humidity,51.7
2024-02-11T00:35:00.000Z,zone-d,light,504.7
2024-02-11T01:58:00.000Z,zone-c,pressure,1014.9
2024-02-11T06:52:00.000Z,zone-d,humidity,69.1
2024-02-11T10:31:00.000Z,zone-a,temperature,21.9
2024-02-11T11:55:00.000Z,zone-c,light,851.9
2024-02-11T12:15:00.000Z,zone-d,pressure,991.6
2024-02-11T12:48:00.000Z,zone-a,humidity,68.2
2024-02-11T13:12:00.000Z,zone-a,pressure,999.4
2024-02-11T15:39:00.000Z,zone-b,light,341.8
2024-02-11T16:30:00.000Z,zone-d,temperature,24.9
2024-02-11T18:13:00.000Z,zone-a,light,194.7
2024-02-11T19:18:00.000Z,zone-b,light,672.2
2024-02-11T20:31:00.000Z,zone-a,pressure,1016.1
2024-02-11T22:48:00.000Z,zone-a,light,869
2024-02-11T23:14:00.000Z,zone-c,light,816.4
2024-02-12T02:26:00.000Z,zone-b,temperature,32.4
2024-02-12T04:09:00.000Z,zone-c,pressure,993.9
2024-02-12T05:46:00.000Z,zone-c,temperature,29.4
2024-02-12T06:18:00.000Z,zone-d,light,234.7
2024-02-12T08:59:00.000Z,zone-d,temperature,18.5
2024-02-12T10:47:00.000Z,zone-b,humidity,77
2024-02-12T10:59:00.000Z,zone-b,pressure,1000.6
2024-02-12T11:14:00.000Z,zone-d,pressure,1019.7
2024-02-12T11:17:00.000Z,zone-a,humidity,44.3
2024-02-12T11:33:00.000Z,zone-d,humidity,56.6
2024-02-12T15:12:00.000Z,zone-a,temperature,23.6
2024-02-12T16:52:00.000Z,zone-c,humidity,67
2024-02-12T21:01:00.000Z,zone-b,pressure,996.3
2024-02-12T21:14:00.000Z,zone-a,humidity,31.4
2024-02-12T22:31:00.000Z,zone-b,light,625.5
2024-02-13T00:05:00.000Z,zone-d,pressure,1018.5
2024-02-13T00:25:00.000Z,zone-a,pressure,1010
2024-02-13T00:33:00.000Z,zone-c,pressure,1016
2024-02-13T03:43:00.000Z,zone-c,light,591.3
2024-02-13T04:21:00.000Z,zone-a,light,498.4
2024-02-13T05:34:00.000Z,zone-a,temperature,33.9
2024-02-13T09:12:00.000Z,zone-b,temperature,24.8
2024-02-13T09:39:00.000Z,zone-c,humidity,76.6
2024-02-13T13:15:00.000Z,zone-b,humidity,59.1
2024-02-13T13:25:00.000Z,zone-d,humidity,50.7
2024-02-13T13:29:00.000Z,zone-c,temperature,27.3
2024-02-13T14:24:00.000Z,zone-d,temperature,25.1
2024-02-13T16:04:00.000Z,zone-d,light,174.6
2024-02-13T18:31:00.000Z,zone-c,temperature,17.9
2024-02-13T18:50:00.000Z,zone-d,humidity,45.6
2024-02-13T19:49:00.000Z,zone-a,temperature,26.4
2024-02-13T21:52:00.000Z,zone-a,pressure,1002.6
2024-02-13T23:18:00.000Z,zone-b,temperature,21.9
2024-02-14T01:27:00.000Z,zone-a,humidity,74.7
2024-02-14T01:40:00.000Z,zone-b,pressure,1005
2024-02-14T02:24:00.000Z,zone-c,light,169.2
2024-02-14T04:21:00.000Z,zone-d,pressure,1014.3
2024-02-14T04:30:00.000Z,zone-c,humidity,75.7
2024-02-14T05:57:00.000Z,zone-c,pressure,1010.7
2024-02-14T07:03:00.000Z,zone-b,light,170.5
2024-02-14T08:56:00.000Z,zone-b,humidity,31.3
2024-02-14T12:10:00.000Z,zone-d,light,588.9
2024-02-14T12:15:00.000Z,zone-d,temperature,28.8
2024-02-14T13:31:00.000Z,zone-a,light,586
2024-02-14T20:48:00.000Z,zone-d,light,677.1
2024-02-14T21:09:00.000Z,zone-a,temperature,16.1
2024-02-14T23:08:00.000Z,zone-c,humidity,73.1
2024-02-15T01:56:00.000Z,zone-b,humidity,42.4
2024-02-15T01:58:00.000Z,zone-c,light,459.7
2024-02-15T02:52:00.000Z,zone-b,light,296.2
2024-02-15T04:34:00.000Z,zone-a,pressure,1015.9
2024-02-15T06:06:00.000Z,zone-a,light,122.1
2024-02-15T06:33:00.000Z,zone-d,pressure,1010.7
2024-02-15T07:19:00.000Z,zone-c,pressure,1015.3
2024-02-15T10:04:00.000Z,zone-c,temperature,28.2
2024-02-15T10:20:00.000Z,zone-d,temperature,20.1
2024-02-15T12:33:00.000Z,zone-b,temperature,21.1
2024-02-15T12:50:00.000Z,zone-d,humidity,63.6
2024-02-15T15:10:00.000Z,zone-a,humidity,55.6
2024-02-15T18:19:00.000Z,zone-b,pressure,996.3
2024-02-15T19:36:00.000Z,zone-d,humidity,48.9
2024-02-15T22:15:00.000Z,zone-a,humidity,36.3
2024-02-15T22:33:00.000Z,zone-b,temperature,31.6
2024-02-16T03:10:00.000Z,zone-a,pressure,1010.9
2024-02-16T05:20:00.000Z,zone-c,humidity,41.3
2024-02-16T05:26:00.000Z,zone-d,temperature,19.6
2024-02-16T08:28:00.000Z,zone-b,pressure,1019.8
2024-02-16T10:35:00.000Z,zone-d,light,498
2024-02-16T11:57:00.000Z,zone-c,light,248.4
2024-02-16T12:42:00.000Z,zone-d,pressure,996
2024-02-16T13:16:00.000Z,zone-a,light,457.8
2024-02-16T13:32:00.000Z,zone-b,humidity,49.9
2024-02-16T13:37:00.000Z,zone-c,temperature,25.1
2024-02-16T14:06:00.000Z,zone-c,pressure,1004.6
2024-02-16T15:02:00.000Z,zone-a,temperature,15.5
2024-02-16T17:59:00.000Z,zone-b,light,123.6
2024-02-16T20:23:00.000Z,zone-b,light,685.3
2024-02-16T22:10:00.000Z,zone-c,humidity,72.9
2024-02-16T23:52:00.000Z,zone-b,humidity,51.2
2024-02-17T00:09:00.000Z,zone-c,temperature,21.7
2024-02-17T00:11:00.000Z,zone-a,humidity,52.8
2024-02-17T00:46:00.000Z,zone-c,light,715.9
2024-02-17T01:28:00.000Z,zone-b,temperature,21.9
2024-02-17T04:20:00.000Z,zone-a,light,460.6
2024-02-17T08:25:00.000Z,zone-d,light,158.9
2024-02-17T08:41:00.000Z,zone-a,temperature,30.6
2024-02-17T11:06:00.000Z,zone-d,temperature,15.4
2024-02-17T13:01:00.000Z,zone-b,pressure,996.8
2024-02-17T15:15:00.000Z,zone-a,pressure,1007.1
2024-02-17T15:21:00.000Z,zone-d,pressure,1006.5
2024-02-17T16:52:00.000Z,zone-c,pressure,1010.6
2024-02-17T17:41:00.000Z,zone-d,humidity,73.9
2024-02-17T18:53:00.000Z,zone-b,pressure,1011.5
2024-02-17T19:41:00.000Z,zone-c,temperature,26.4
2024-02-17T21:03:00.000Z,zone-d,light,461.1
2024-02-17T21:07:00.000Z,zone-a,temperature,20.5
2024-02-18T00:36:00.000Z,zone-b,temperature,31.9
2024-02-18T01:50:00.000Z,zone-c,light,472.6
2024-02-18T01:57:00.000Z,zone-d,humidity,53
2024-02-18T03:11:00.000Z,zone-a,humidity,31
2024-02-18T04:10:00.000Z,zone-a,light,392.2
2024-02-18T04:46:00.000Z,zone-c,humidity,76.8
2024-02-18T06:19:00.000Z,zone-b,humidity,68.4
2024-02-18T07:06:00.000Z,zone-c,pressure,1009.6
2024-02-18T10:10:00.000Z,zone-d,temperature,15.1
2024-02-18T10:42:00.000Z,zone-b,light,785.8
2024-02-18T12:35:00.000Z,zone-a,pressure,1003.1
2024-02-18T13:26:00.000Z,zone-d,pressure,1009.3
2024-02-18T19:06:00.000Z,zone-c,light,307.5
2024-02-18T19:14:00.000Z,zone-a,temperature,24.9
2024-02-18T20:42:00.000Z,zone-a,light,343.6
2024-02-18T21:10:00.000Z,zone-b,light,880.1
2024-02-18T23:37:00.000Z,zone-c,temperature,25.7
2024-02-19T03:27:00.000Z,zone-a,humidity,47
2024-02-19T03:37:00.000Z,zone-c,pressure,1009
2024-02-19T05:03:00.000Z,zone-a,pressure,999.6
2024-02-19T10:16:00.000Z,zone-d,temperature,27.2
2024-02-19T11:49:00.000Z,zone-d,light,267.6
2024-02-19T12:20:00.000Z,zone-b,temperature,29.7
2024-02-19T15:22:00.000Z,zone-d,humidity,60.9
2024-02-19T15:55:00.000Z,zone-b,humidity,74.4
2024-02-19T16:01:00.000Z,zone-c,humidity,54.9
2024-02-19T16:26:00.000Z,zone-d,pressure,995
2024-02-19T17:50:00.000Z,zone-b,pressure,995.4
2024-02-19T20:06:00.000Z,zone-b,light,362.7
2024-02-19T20:47:00.000Z,zone-c,light,519.2
2024-02-19T21:13:00.000Z,zone-c,humidity,44.6
2024-02-19T22:48:00.000Z,zone-d,pressure,1008.5
2024-02-20T00:45:00.000Z,zone-a,humidity,50.5
2024-02-20T03:34:00.000Z,zone-a,temperature,24
2024-02-20T04:38:00.000Z,zone-b,pressure,994.4
2024-02-20T10:33:00.000Z,zone-a,pressure,1019.6
2024-02-20T11:19:00.000Z,zone-c,pressure,992.9
2024-02-20T11:43:00.000Z,zone-b,humidity,78.4
2024-02-20T12:36:00.000Z,zone-b,temperature,24.7
2024-02-20T14:14:00.000Z,zone-a,light,716.9
2024-02-20T14:37:00.000Z,zone-c,temperature,28.3
2024-02-20T14:38:00.000Z,zone-d,humidity,41
2024-02-20T15:51:00.000Z,zone-d,light,419.9
2024-02-20T17:49:00.000Z,zone-d,temperature,29.1
2024-02-20T19:38:00.000Z,zone-d,temperature,19.1
2024-02-20T21:50:00.000Z,zone-c,temperature,16.8
2024-02-20T22:32:00.000Z,zone-a,temperature,29.5
2024-02-20T22:33:00.000Z,zone-d,pressure,990.2
2024-02-20T22:49:00.000Z,zone-c,light,573.5
2024-02-21T07:18:00.000Z,zone-b,light,347.4
2024-02-21T07:48:00.000Z,zone-d,light,118.8
2024-02-21T08:09:00.000Z,zone-b,pressure,1004.6
2024-02-21T08:14:00.000Z,zone-a,humidity,37.2
2024-02-21T09:49:00.000Z,zone-b,humidity,42.9
2024-02-21T09:56:00.000Z,zone-c,humidity,45.4
2024-02-21T11:46:00.000Z,zone-a,pressure,1003.8
2024-02-21T13:16:00.000Z,zone-a,light,537.7
2024-02-21T13:42:00.000Z,zone-d,humidity,56.2
2024-02-21T15:37:00.000Z,zone-b,temperature,15.3
2024-02-21T18:00:00.000Z,zone-c,pressure,998.5
2024-02-21T19:02:00.000Z,zone-b,humidity,55.4
2024-02-21T21:04:00.000Z,zone-b,light,485.6
2024-02-21T23:03:00.000Z,zone-c,humidity,55.3
2024-02-21T23:03:00.000Z,zone-d,humidity,72
2024-02-21T23:59:00.000Z,zone-a,pressure,1012.9
2024-02-22T01:48:00.000Z,zone-a,humidity,48.9
2024-02-22T01:50:00.000Z,zone-c,temperature,19
2024-02-22T06:14:00.000Z,zone-c,light,897.5
2024-02-22T07:04:00.000Z,zone-b,pressure,1018.4
2024-02-22T08:00:00.000Z,zone-d,light,895.7
2024-02-22T08:22:00.000Z,zone-d,pressure,1003.7
2024-02-22T08:54:00.000Z,zone-b,temperature,25
2024-02-22T11:03:00.000Z,zone-a,light,616.7
2024-02-22T11:26:00.000Z,zone-c,pressure,1019.7
2024-02-22T14:16:00.000Z,zone-d,temperature,27.6
2024-02-22T15:40:00.000Z,zone-a,temperature,24.9
2024-02-22T21:15:00.000Z,zone-b,temperature,33.1
2024-02-22T21:22:00.000Z,zone-c,pressure,992.2
2024-02-22T21:24:00.000Z,zone-b,humidity,65.7
2024-02-23T00:36:00.000Z,zone-c,humidity,30.7
2024-02-23T02:32:00.000Z,zone-b,light,781.7
2024-02-23T03:14:00.000Z,zone-a,light,503.9
2024-02-23T05:10:00.000Z,zone-b,pressure,1006.2
2024-02-23T05:44:00.000Z,zone-a,pressure,1000.9
2024-02-23T10:39:00.000Z,zone-d,temperature,30.1
2024-02-23T11:33:00.000Z,zone-d,light,106.6
2024-02-23T12:18:00.000Z,zone-a,temperature,25.7
2024-02-23T12:56:00.000Z,zone-c,light,629.2
2024-02-23T13:39:00.000Z,zone-d,humidity,55.7
2024-02-23T13:47:00.000Z,zone-a,humidity,61.6
2024-02-23T14:23:00.000Z,zone-c,temperature,17.9
2024-02-23T18:23:00.000Z,zone-d,pressure,1001
2024-02-23T18:59:00.000Z,zone-c,pressure,1014.5
2024-02-23T19:02:00.000Z,zone-d,pressure,993
2024-02-23T20:42:00.000Z,zone-d,humidity,58.4
2024-02-23T21:47:00.000Z,zone-c,light,514.4
2024-02-23T22:36:00.000Z,zone-c,humidity,48.7
2024-02-24T01:22:00.000Z,zone-d,temperature,19.7
2024-02-24T01:31:00.000Z,zone-a,temperature,23.3
2024-02-24T05:51:00.000Z,zone-a,light,151.8
2024-02-24T07:34:00.000Z,zone-a,pressure,990.2
2024-02-24T09:06:00.000Z,zone-c,temperature,30.6
2024-02-24T09:33:00.000Z,zone-b,light,704.6
2024-02-24T10:16:00.000Z,zone-d,light,579.4
2024-02-24T10:33:00.000Z,zone-b,temperature,34.9
2024-02-24T12:43:00.000Z,zone-a,humidity,58.3
2024-02-24T17:12:00.000Z,zone-b,pressure,998.8
2024-02-24T17:28:00.000Z,zone-b,humidity,52.8
2024-02-24T19:30:00.000Z,zone-d,humidity,74
2024-02-24T20:42:00.000Z,zone-b,temperature,34
2024-02-24T20:47:00.000Z,zone-d,light,664
2024-02-24T21:09:00.000Z,zone-b,humidity,37.3
2024-02-24T23:28:00.000Z,zone-d,temperature,18.5
2024-02-24T23:36:00.000Z,zone-a,humidity,51
2024-02-24T23:49:00.000Z,zone-c,temperature,26.2
2024-02-25T04:07:00.000Z,zone-a,temperature,22.1
2024-02-25T06:37:00.000Z,zone-c,pressure,1000.3
2024-02-25T09:20:00.000Z,zone-a,pressure,991.2
2024-02-25T10:51:00.000Z,zone-b,light,536.5
2024-02-25T11:46:00.000Z,zone-b,pressure,1003.2
2024-02-25T12:34:00.000Z,zone-a,light,279.1
2024-02-25T12:49:00.000Z,zone-c,humidity,74
2024-02-25T14:11:00.000Z,zone-d,pressure,994.2
2024-02-25T17:07:00.000Z,zone-c,light,407
2024-02-25T18:55:00.000Z,zone-c,light,444.8
2024-02-25T19:47:00.000Z,zone-c,pressure,1019.1
2024-02-26T02:43:00.000Z,zone-c,humidity,54.9
2024-02-26T02:45:00.000Z,zone-b,light,352.1
2024-02-26T04:01:00.000Z,zone-a,humidity,32.6
2024-02-26T04:36:00.000Z,zone-b,temperature,28.6
2024-02-26T05:13:00.000Z,zone-a,pressure,992.6
2024-02-26T06:26:00.000Z,zone-b,pressure,1015.6
2024-02-26T08:31:00.000Z,zone-d,pressure,990.4
2024-02-26T10:24:00.000Z,zone-a,temperature,33.7
2024-02-26T10:35:00.000Z,zone-a,light,864.9
2024-02-26T14:22:00.000Z,zone-b,humidity,45.6
2024-02-26T15:38:00.000Z,zone-d,humidity,35.5
2024-02-26T15:47:00.000Z,zone-c,temperature,24.7
2024-02-26T16:50:00.000Z,zone-d,light,730.9
2024-02-26T18:01:00.000Z,zone-d,temperature,22.1
2024-02-26T21:40:00.000Z,zone-b,light,808.8
2024-02-26T23:26:00.000Z,zone-a,light,111.2
2024-02-27T01:41:00.000Z,zone-a,temperature,29
2024-02-27T01:47:00.000Z,zone-b,humidity,46.7
2024-02-27T02:43:00.000Z,zone-d,pressure,992.5
2024-02-27T05:05:00.000Z,zone-a,pressure,1004
2024-02-27T05:34:00.000Z,zone-c,pressure,997.9
2024-02-27T06:16:00.000Z,zone-b,pressure,1011.7
2024-02-27T09:33:00.000Z,zone-b,temperature,20.8
2024-02-27T11:05:00.000Z,zone-c,temperature,21.5
2024-02-27T12:04:00.000Z,zone-d,temperature,21.3
2024-02-27T14:06:00.000Z,zone-c,light,222.9
2024-02-27T15:45:00.000Z,zone-d,light,356.1
2024-02-27T16:09:00.000Z,zone-d,humidity,31.4
2024-02-27T16:34:00.000Z,zone-c,humidity,55
2024-02-27T16:39:00.000Z,zone-a,humidity,61.4
2024-02-27T19:20:00.000Z,zone-c,humidity,39.1
2024-02-27T19:41:00.000Z,zone-d,humidity,62.4
2024-02-27T19:47:00.000Z,zone-c,light,451.5
2024-02-27T21:57:00.000Z,zone-b,pressure,998.4
2024-02-27T23:55:00.000Z,zone-b,light,537.5
2024-02-28T00:41:00.000Z,zone-b,humidity,79
2024-02-28T01:10:00.000Z,zone-d,light,303.9
2024-02-28T02:06:00.000Z,zone-a,humidity,72.1
2024-02-28T02:22:00.000Z,zone-c,temperature,20.9
2024-02-28T05:42:00.000Z,zone-d,temperature,34
2024-02-28T07:27:00.000Z,zone-a,pressure,1015
2024-02-28T08:03:00.000Z,zone-a,light,330.3
2024-02-28T08:12:00.000Z,zone-b,temperature,33.8
2024-02-28T14:06:00.000Z,zone-a,temperature,18.8
2024-02-28T17:59:00.000Z,zone-d,pressure,1013.6
2024-02-28T18:11:00.000Z,zone-c,pressure,998
2024-02-28T20:12:00.000Z,zone-b,humidity,39.9
2024-02-28T21:25:00.000Z,zone-d,pressure,995.5
2024-02-28T22:24:00.000Z,zone-d,temperature,22.9
2024-02-29T01:57:00.000Z,zone-c,humidity,42
2024-02-29T03:37:00.000Z,zone-b,light,301.8
2024-02-29T04:35:00.000Z,zone-d,humidity,53.6
2024-02-29T05:37:00.000Z,zone-b,temperature,30.7
2024-02-29T05:59:00.000Z,zone-c,light,660.6
2024-02-29T07:47:00.000Z,zone-a,pressure,1006.4
2024-02-29T09:48:00.000Z,zone-a,humidity,30.5
2024-02-29T12:03:00.000Z,zone-c,pressure,1004.9
2024-02-29T13:13:00.000Z,zone-b,pressure,1001.6
2024-02-29T14:40:00.000Z,zone-a,temperature,34.9
2024-02-29T17:17:00.000Z,zone-d,light,378.6
2024-02-29T17:31:00.000Z,zone-a,light,745.5
2024-02-29T18:14:00.000Z,zone-c,temperature,19
2024-02-29T18:54:00.000Z,zone-b,light,598.6
2024-02-29T19:04:00.000Z,zone-d,pressure,1009.9
2024-02-29T21:31:00.000Z,zone-b,temperature,16.2
2024-02-29T22:50:00.000Z,zone-d,humidity,40.5
2024-03-01T00:34:00.000Z,zone-d,temperature,15
2024-03-01T01:32:00.000Z,zone-c,temperature,24.5
2024-03-01T02:34:00.000Z,zone-a,pressure,1010.6
2024-03-01T03:45:00.000Z,zone-c,pressure,1000.5
2024-03-01T07:28:00.000Z,zone-b,pressure,1007.8
2024-03-01T08:57:00.000Z,zone-a,temperature,25.2
2024-03-01T09:02:00.000Z,zone-c,humidity,37.4
2024-03-01T09:35:00.000Z,zone-c,light,212.3
2024-03-01T10:14:00.000Z,zone-a,light,204.9
2024-03-01T12:45:00.000Z,zone-d,light,176.1
2024-03-01T15:10:00.000Z,zone-a,humidity,67.9
2024-03-01T16:54:00.000Z,zone-b,humidity,77.6
2024-03-01T20:00:00.000Z,zone-a,humidity,61.3
2024-03-01T20:46:00.000Z,zone-a,pressure,997.9
2024-03-02T02:15:00.000Z,zone-d,humidity,47.7
2024-03-02T02:35:00.000Z,zone-c,humidity,40.6
2024-03-02T06:22:00.000Z,zone-d,temperature,28.1
2024-03-02T08:23:00.000Z,zone-c,light,142.2
2024-03-02T08:31:00.000Z,zone-a,light,221.8
2024-03-02T08:35:00.000Z,zone-b,light,548.2
2024-03-02T08:41:00.000Z,zone-a,temperature,19.7
2024-03-02T09:08:00.000Z,zone-b,pressure,1005.9
2024-03-02T09:47:00.000Z,zone-b,temperature,15.4
2024-03-02T11:56:00.000Z,zone-d,pressure,1008.8
2024-03-02T12:31:00.000Z,zone-b,humidity,34.4
2024-03-02T15:58:00.000Z,zone-d,light,793.9
2024-03-02T16:45:00.000Z,zone-c,temperature,30.6
2024-03-02T18:10:00.000Z,zone-c,pressure,1019.6
2024-03-02T19:46:00.000Z,zone-d,humidity,66.3
2024-03-02T21:15:00.000Z,zone-b,temperature,34.7
2024-03-02T22:17:00.000Z,zone-c,pressure,1011.9
2024-03-03T01:47:00.000Z,zone-d,temperature,15.4
2024-03-03T03:57:00.000Z,zone-a,humidity,62.5
2024-03-03T08:57:00.000Z,zone-a,light,858.3
2024-03-03T09:29:00.000Z,zone-b,light,598.6
2024-03-03T09:52:00.000Z,zone-a,temperature,15.1
2024-03-03T11:19:00.000Z,zone-c,temperature,34
2024-03-03T13:35:00.000Z,zone-b,pressure,1011.1
2024-03-03T14:07:00.000Z,zone-b,humidity,37.7
2024-03-03T14:34:00.000Z,zone-c,light,329.2
2024-03-03T15:40:00.000Z,zone-a,pressure,1014.9
2024-03-03T16:06:00.000Z,zone-c,humidity,77.6
2024-03-03T16:10:00.000Z,zone-d,pressure,1005.5
2024-03-03T16:35:00.000Z,zone-d,light,862.2
2024-03-03T19:52:00.000Z,zone-c,temperature,16.2
2024-03-03T20:32:00.000Z,zone-c,humidity,41.8
2024-03-03T23:29:00.000Z,zone-a,humidity,55.1
2024-03-03T23:39:00.000Z,zone-b,humidity,44.1
2024-03-04T01:43:00.000Z,zone-b,temperature,33.7
2024-03-04T03:09:00.000Z,zone-a,light,869.7
2024-03-04T04:04:00.000Z,zone-c,light,188.2
2024-03-04T07:25:00.000Z,zone-a,pressure,990.5
2024-03-04T07:30:00.000Z,zone-b,pressure,1006.2
2024-03-04T09:29:00.000Z,zone-c,pressure,991.1
2024-03-04T11:30:00.000Z,zone-b,light,271.9
2024-03-04T12:23:00.000Z,zone-d,temperature,27
2024-03-04T15:25:00.000Z,zone-d,light,453.3
2024-03-04T16:17:00.000Z,zone-a,temperature,15.8
2024-03-04T16:25:00.000Z,zone-d,pressure,1018.6
2024-03-04T17:39:00.000Z,zone-d,humidity,59.2
2024-03-04T19:23:00.000Z,zone-d,humidity,49.7
2024-03-04T19:32:00.000Z,zone-b,humidity,55
2024-03-04T21:48:00.000Z,zone-c,light,308.2
2024-03-04T22:30:00.000Z,zone-a,light,675.7
2024-03-04T22:32:00.000Z,zone-d,light,742.5
2024-03-05T00:10:00.000Z,zone-a,humidity,73.5
2024-03-05T01:01:00.000Z,zone-b,pressure,991.2
2024-03-05T01:33:00.000Z,zone-a,temperature,26.2
2024-03-05T05:40:00.000Z,zone-b,light,637.9
2024-03-05T08:19:00.000Z,zone-d,pressure,1008.7
2024-03-05T09:34:00.000Z,zone-c,temperature,22.3
2024-03-05T10:10:00.000Z,zone-a,pressure,996.6
2024-03-05T12:23:00.000Z,zone-c,humidity,34.3
2024-03-05T12:34:00.000Z,zone-d,temperature,20.1
2024-03-05T14:12:00.000Z,zone-c,pressure,992.4
2024-03-05T14:35:00.000Z,zone-b,temperature,15
2024-03-05T19:39:00.000Z,zone-a,temperature,19.6
2024-03-05T20:00:00.000Z,zone-d,temperature,21.8
2024-03-05T20:17:00.000Z,zone-b,temperature,15.4
2024-03-06T04:17:00.000Z,zone-a,pressure,990.3
2024-03-06T05:10:00.000Z,zone-a,humidity,70.6
2024-03-06T05:41:00.000Z,zone-b,pressure,998.6
2024-03-06T06:24:00.000Z,zone-c,pressure,1001.8
2024-03-06T08:48:00.000Z,zone-b,light,761.3
2024-03-06T12:04:00.000Z,zone-c,temperature,21.6
2024-03-06T13:28:00.000Z,zone-c,light,793.7
2024-03-06T14:31:00.000Z,zone-d,pressure,998.2
2024-03-06T14:39:00.000Z,zone-b,humidity,44.1
2024-03-06T15:01:00.000Z,zone-d,light,253
2024-03-06T16:18:00.000Z,zone-d,humidity,52.5
2024-03-06T16:22:00.000Z,zone-a,light,893.9
2024-03-06T18:18:00.000Z,zone-c,humidity,44.5
2024-03-06T18:32:00.000Z,zone-d,humidity,35.4
2024-03-06T19:16:00.000Z,zone-c,temperature,15.9
2024-03-06T19:56:00.000Z,zone-d,light,542.7
2024-03-06T20:54:00.000Z,zone-c,humidity,74.9
2024-03-06T20:58:00.000Z,zone-a,light,707.4
2024-03-06T21:37:00.000Z,zone-b,pressure,990.6
2024-03-06T22:17:00.000Z,zone-a,temperature,34.6
2024-03-07T01:51:00.000Z,zone-a,pressure,1018.8
2024-03-07T02:12:00.000Z,zone-c,light,251.3
2024-03-07T03:53:00.000Z,zone-b,temperature,18
2024-03-07T05:21:00.000Z,zone-b,humidity,75.2
2024-03-07T08:24:00.000Z,zone-d,temperature,26.8
2024-03-07T12:00:00.000Z,zone-b,light,243.9
2024-03-07T12:43:00.000Z,zone-d,pressure,1018.1
2024-03-07T13:03:00.000Z,zone-a,humidity,64.5
2024-03-07T17:52:00.000Z,zone-c,pressure,1015.2
2024-03-07T21:08:00.000Z,zone-c,temperature,27.3
2024-03-07T22:51:00.000Z,zone-d,light,577.5
2024-03-08T01:08:00.000Z,zone-a,light,274.4
2024-03-08T04:22:00.000Z,zone-b,light,702.6
2024-03-08T04:28:00.000Z,zone-a,pressure,999.7
2024-03-08T04:31:00.000Z,zone-d,temperature,19.7
2024-03-08T05:54:00.000Z,zone-b,temperature,24.1
2024-03-08T08:25:00.000Z,zone-c,pressure,1016.6
2024-03-08T09:21:00.000Z,zone-b,humidity,78.2
2024-03-08T10:59:00.000Z,zone-d,humidity,54.9
2024-03-08T11:39:00.000Z,zone-c,humidity,47.1
2024-03-08T13:17:00.000Z,zone-a,temperature,27.9
2024-03-08T13:22:00.000Z,zone-d,pressure,990.6
2024-03-08T16:07:00.000Z,zone-b,pressure,993.3
2024-03-08T17:30:00.000Z,zone-a,humidity,47.7
2024-03-08T17:34:00.000Z,zone-c,light,605.1
2024-03-08T22:03:00.000Z,zone-c,light,330.2
2024-03-08T22:34:00.000Z,zone-b,pressure,1016.2
2024-03-08T22:49:00.000Z,zone-a,humidity,35.5
2024-03-08T23:45:00.000Z,zone-c,humidity,62.7
2024-03-09T00:28:00.000Z,zone-d,light,654.2
2024-03-09T02:15:00.000Z,zone-c,temperature,15.8
2024-03-09T02:39:00.000Z,zone-d,humidity,74.1
2024-03-09T04:22:00.000Z,zone-d,pressure,1007.4
2024-03-09T05:37:00.000Z,zone-b,light,765.4
2024-03-09T06:35:00.000Z,zone-b,temperature,21.7
2024-03-09T07:03:00.000Z,zone-c,pressure,1013.3
2024-03-09T07:59:00.000Z,zone-a,light,352.7
2024-03-09T11:28:00.000Z,zone-a,temperature,23.5
2024-03-09T12:29:00.000Z,zone-b,humidity,45
2024-03-09T12:41:00.000Z,zone-d,temperature,25.5
2024-03-09T13:35:00.000Z,zone-a,pressure,1017.4
2024-03-09T18:48:00.000Z,zone-c,pressure,996
2024-03-09T19:17:00.000Z,zone-b,pressure,1016.3
2024-03-09T20:41:00.000Z,zone-d,humidity,46.1
2024-03-10T00:35:00.000Z,zone-a,pressure,1018.9
2024-03-10T01:32:00.000Z,zone-c,humidity,34.6
2024-03-10T03:10:00.000Z,zone-d,pressure,993.8
2024-03-10T04:26:00.000Z,zone-a,light,750.4
2024-03-10T05:00:00.000Z,zone-b,humidity,61.1
2024-03-10T09:07:00.000Z,zone-b,temperature,30.6
2024-03-10T10:28:00.000Z,zone-d,light,159.2
2024-03-10T10:57:00.000Z,zone-d,temperature,16.5
2024-03-10T13:15:00.000Z,zone-b,light,406.2
2024-03-10T13:39:00.000Z,zone-a,humidity,47.6
2024-03-10T14:56:00.000Z,zone-c,temperature,16
2024-03-10T15:36:00.000Z,zone-a,temperature,25.6
2024-03-10T17:32:00.000Z,zone-c,light,403.8
2024-03-10T19:19:00.000Z,zone-b,pressure,1012.8
2024-03-10T20:55:00.000Z,zone-d,pressure,1009.6
2024-03-10T22:41:00.000Z,zone-c,temperature,26.2
2024-03-11T00:29:00.000Z,zone-b,humidity,65.4
2024-03-11T00:55:00.000Z,zone-d,humidity,40.7
2024-03-11T01:41:00.000Z,zone-c,humidity,64.7
2024-03-11T02:53:00.000Z,zone-a,humidity,36.6
2024-03-11T03:22:00.000Z,zone-c,light,897.4
2024-03-11T04:04:00.000Z,zone-d,temperature,23.2
2024-03-11T05:02:00.000Z,zone-a,pressure,1018.3
2024-03-11T07:42:00.000Z,zone-b,temperature,19.1
2024-03-11T08:52:00.000Z,zone-d,light,139.6
2024-03-11T10:15:00.000Z,zone-b,light,574.8
2024-03-11T10:41:00.000Z,zone-c,pressure,1019.2
2024-03-11T12:42:00.000Z,zone-a,light,508.6
2024-03-11T13:13:00.000Z,zone-a,temperature,25.6
2024-03-11T18:42:00.000Z,zone-c,pressure,1008.7
2024-03-11T20:57:00.000Z,zone-d,humidity,76.3
2024-03-11T21:52:00.000Z,zone-a,light,247.5
2024-03-11T23:15:00.000Z,zone-a,temperature,26.5
2024-03-12T02:03:00.000Z,zone-b,pressure,1019.4
2024-03-12T02:34:00.000Z,zone-d,temperature,17.6
2024-03-12T04:25:00.000Z,zone-b,temperature,28.4
2024-03-12T05:07:00.000Z,zone-a,humidity,64.6
2024-03-12T06:55:00.000Z,zone-d,pressure,1010.6
2024-03-12T08:14:00.000Z,zone-c,humidity,74.1
2024-03-12T09:11:00.000Z,zone-d,light,192.1
2024-03-12T10:23:00.000Z,zone-b,humidity,59.9
2024-03-12T10:57:00.000Z,zone-c,light,845.1
2024-03-12T11:33:00.000Z,zone-c,temperature,18.1
2024-03-12T13:33:00.000Z,zone-b,light,244.9
2024-03-12T15:39:00.000Z,zone-a,pressure,1004.5
2024-03-12T20:15:00.000Z,zone-b,humidity,44
2024-03-12T21:36:00.000Z,zone-b,light,665.4
2024-03-12T21:36:00.000Z,zone-c,temperature,19.4
2024-03-12T22:16:00.000Z,zone-c,light,644.3
2024-03-13T02:23:00.000Z,zone-d,light,606.1
2024-03-13T04:58:00.000Z,zone-c,humidity,39.2
2024-03-13T05:21:00.000Z,zone-d,humidity,37.4
2024-03-13T07:06:00.000Z,zone-d,pressure,1018.3
2024-03-13T07:25:00.000Z,zone-b,pressure,994.6
2024-03-13T08:10:00.000Z,zone-a,humidity,30.3
2024-03-13T11:49:00.000Z,zone-a,temperature,31.4
2024-03-13T12:05:00.000Z,zone-c,pressure,999.7
2024-03-13T13:13:00.000Z,zone-b,temperature,28.2
2024-03-13T15:38:00.000Z,zone-a,pressure,1002.2
2024-03-13T16:08:00.000Z,zone-a,light,581.7
2024-03-13T18:17:00.000Z,zone-d,temperature,31.6
2024-03-14T00:08:00.000Z,zone-d,light,562.7
2024-03-14T00:20:00.000Z,zone-c,humidity,32.2
2024-03-14T01:02:00.000Z,zone-b,humidity,36.6
2024-03-14T03:14:00.000Z,zone-a,humidity,50.4
2024-03-14T03:24:00.000Z,zone-d,temperature,28.6
2024-03-14T04:47:00.000Z,zone-a,temperature,33.3
2024-03-14T07:37:00.000Z,zone-d,humidity,38.2
2024-03-14T08:24:00.000Z,zone-c,light,342.3
2024-03-14T08:45:00.000Z,zone-b,temperature,20.3
2024-03-14T09:03:00.000Z,zone-a,pressure,1008.3
2024-03-14T09:06:00.000Z,zone-c,pressure,998.2
2024-03-14T09:49:00.000Z,zone-a,light,741.5
2024-03-14T11:19:00.000Z,zone-b,pressure,1007.1
2024-03-14T12:45:00.000Z,zone-c,temperature,19.4
2024-03-14T14:41:00.000Z,zone-d,pressure,1000.9
2024-03-14T15:33:00.000Z,zone-b,light,425.3
2024-03-14T18:50:00.000Z,zone-b,temperature,20
2024-03-14T22:49:00.000Z,zone-a,humidity,52
2024-03-15T02:32:00.000Z,zone-c,temperature,31
2024-03-15T03:59:00.000Z,zone-d,light,145
2024-03-15T05:18:00.000Z,zone-a,pressure,1014
2024-03-15T06:36:00.000Z,zone-d,temperature,19.5
2024-03-15T09:26:00.000Z,zone-b,humidity,61.8
2024-03-15T09:50:00.000Z,zone-b,light,695.7
2024-03-15T09:58:00.000Z,zone-a,temperature,18.6
2024-03-15T10:09:00.000Z,zone-d,pressure,1005.1
2024-03-15T11:40:00.000Z,zone-c,pressure,991.5
2024-03-15T12:05:00.000Z,zone-d,humidity,30.6
2024-03-15T16:40:00.000Z,zone-b,pressure,1013.7
2024-03-15T16:56:00.000Z,zone-a,light,283.7
2024-03-15T17:36:00.000Z,zone-c,light,878.4
2024-03-15T17:43:00.000Z,zone-c,humidity,57.9
2024-03-15T19:34:00.000Z,zone-a,temperature,31.4
2024-03-15T23:39:00.000Z,zone-a,pressure,1017.5
2024-03-16T00:46:00.000Z,zone-b,humidity,66.6
2024-03-16T01:33:00.000Z,zone-d,temperature,19.4
2024-03-16T01:49:00.000Z,zone-a,light,237.6
2024-03-16T05:15:00.000Z,zone-c,light,475.4
2024-03-16T09:32:00.000Z,zone-b,light,320.3
2024-03-16T09:52:00.000Z,zone-b,temperature,23.7
2024-03-16T10:18:00.000Z,zone-b,pressure,1015.5
2024-03-16T10:27:00.000Z,zone-a,humidity,60.6
2024-03-16T11:33:00.000Z,zone-c,humidity,63.1
2024-03-16T14:40:00.000Z,zone-c,pressure,1019
2024-03-16T14:47:00.000Z,zone-c,temperature,28.1
2024-03-16T16:14:00.000Z,zone-d,humidity,55.7
2024-03-16T16:14:00.000Z,zone-d,pressure,1019.2
2024-03-16T17:59:00.000Z,zone-d,light,759.1
2024-03-16T19:24:00.000Z,zone-a,humidity,62.4
2024-03-16T21:42:00.000Z,zone-c,humidity,62.8
2024-03-16T21:57:00.000Z,zone-d,temperature,24.5
2024-03-17T00:51:00.000Z,zone-b,humidity,74.9
2024-03-17T01:44:00.000Z,zone-b,pressure,1011.8
2024-03-17T03:17:00.000Z,zone-d,light,766.9
2024-03-17T04:24:00.000Z,zone-d,pressure,1018.5
2024-03-17T05:58:00.000Z,zone-c,light,408.2
2024-03-17T09:41:00.000Z,zone-d,humidity,40.1
2024-03-17T10:01:00.000Z,zone-c,pressure,997.8
2024-03-17T10:15:00.000Z,zone-c,temperature,16.8
2024-03-17T10:43:00.000Z,zone-a,pressure,996.4
2024-03-17T11:32:00.000Z,zone-a,temperature,27.9
2024-03-17T14:38:00.000Z,zone-b,light,651.4
2024-03-17T14:54:00.000Z,zone-b,temperature,28.8
2024-03-17T14:55:00.000Z,zone-a,light,643.5
2024-03-18T00:40:00.000Z,zone-a,pressure,991.9
2024-03-18T02:39:00.000Z,zone-b,humidity,45.8
2024-03-18T03:22:00.000Z,zone-b,temperature,26.7
2024-03-18T04:26:00.000Z,zone-d,pressure,1017.8
2024-03-18T04:34:00.000Z,zone-c,temperature,22.3
2024-03-18T05:42:00.000Z,zone-b,pressure,1018.4
2024-03-18T05:44:00.000Z,zone-a,light,738.8
2024-03-18T05:47:00.000Z,zone-b,light,645
2024-03-18T05:54:00.000Z,zone-d,humidity,37.8
2024-03-18T06:34:00.000Z,zone-c,pressure,990.4
2024-03-18T07:34:00.000Z,zone-d,temperature,24.3
2024-03-18T08:31:00.000Z,zone-a,humidity,38.5
2024-03-18T12:14:00.000Z,zone-a,temperature,26.3
2024-03-18T13:31:00.000Z,zone-c,light,200.4
2024-03-18T13:53:00.000Z,zone-c,humidity,69.6
2024-03-18T16:16:00.000Z,zone-d,light,370.3
2024-03-18T19:20:00.000Z,zone-a,pressure,990.8
2024-03-18T20:05:00.000Z,zone-b,pressure,1002.7
2024-03-18T20:22:00.000Z,zone-b,temperature,27.6
2024-03-18T20:39:00.000Z,zone-d,temperature,33.9
2024-03-18T21:29:00.000Z,zone-d,pressure,1019
2024-03-18T22:40:00.000Z,zone-a,humidity,71.1
2024-03-18T22:43:00.000Z,zone-c,humidity,75.4
2024-03-18T23:54:00.000Z,zone-c,temperature,23.1
2024-03-19T01:46:00.000Z,zone-c,pressure,1003.2
2024-03-19T06:54:00.000Z,zone-a,light,371.2
2024-03-19T07:13:00.000Z,zone-b,humidity,42.1
2024-03-19T07:40:00.000Z,zone-d,light,555.3
2024-03-19T09:20:00.000Z,zone-a,temperature,24.5
2024-03-19T10:37:00.000Z,zone-d,humidity,35.8
2024-03-19T15:25:00.000Z,zone-c,light,284.4
2024-03-19T16:28:00.000Z,zone-b,light,700.2
2024-03-19T20:40:00.000Z,zone-c,light,486.8
2024-03-19T21:31:00.000Z,zone-a,light,640.7
2024-03-20T03:21:00.000Z,zone-c,humidity,76.1
2024-03-20T03:45:00.000Z,zone-a,temperature,21.5
2024-03-20T04:58:00.000Z,zone-d,pressure,1014.9
2024-03-20T05:55:00.000Z,zone-c,temperature,28.1
2024-03-20T07:36:00.000Z,zone-b,pressure,993.3
2024-03-20T08:44:00.000Z,zone-d,light,186.6
2024-03-20T10:45:00.000Z,zone-b,light,203.2
2024-03-20T10:51:00.000Z,zone-a,pressure,1008.5
2024-03-20T10:57:00.000Z,zone-d,humidity,35.4
2024-03-20T13:35:00.000Z,zone-b,humidity,77
2024-03-20T13:56:00.000Z,zone-b,temperature,25.5
2024-03-20T14:01:00.000Z,zone-a,humidity,64.1
2024-03-20T15:25:00.000Z,zone-c,pressure,994.5
2024-03-20T17:56:00.000Z,zone-d,temperature,25.6
2024-03-20T19:44:00.000Z,zone-c,humidity,42
2024-03-20T20:06:00.000Z,zone-b,pressure,1013.1
2024-03-20T21:10:00.000Z,zone-c,pressure,1010.7
2024-03-20T22:00:00.000Z,zone-a,humidity,34.5
2024-03-21T01:00:00.000Z,zone-a,pressure,996
2024-03-21T05:15:00.000Z,zone-a,light,147.9
2024-03-21T06:59:00.000Z,zone-b,light,206.6
2024-03-21T08:38:00.000Z,zone-c,light,648.4
2024-03-21T08:42:00.000Z,zone-d,light,418.4
2024-03-21T08:50:00.000Z,zone-b,temperature,29.7
2024-03-21T09:42:00.000Z,zone-b,humidity,43.9
2024-03-21T12:30:00.000Z,zone-d,temperature,28.8
2024-03-21T12:52:00.000Z,zone-a,temperature,23.8
2024-03-21T13:17:00.000Z,zone-d,humidity,51.8
2024-03-21T16:55:00.000Z,zone-d,pressure,1009.8
2024-03-21T16:57:00.000Z,zone-c,temperature,22.6
2024-03-21T19:48:00.000Z,zone-a,temperature,34.2
2024-03-21T20:53:00.000Z,zone-d,pressure,1016.3
2024-03-21T21:12:00.000Z,zone-b,light,664.2
2024-03-21T22:11:00.000Z,zone-c,humidity,63.9
2024-03-21T23:52:00.000Z,zone-a,humidity,61.9
2024-03-22T00:15:00.000Z,zone-d,light,603.3
2024-03-22T00:56:00.000Z,zone-a,pressure,1002.1
2024-03-22T02:06:00.000Z,zone-a,light,405.2
2024-03-22T03:13:00.000Z,zone-b,temperature,22.6
2024-03-22T04:30:00.000Z,zone-c,pressure,999.7
2024-03-22T05:22:00.000Z,zone-d,temperature,17
2024-03-22T06:44:00.000Z,zone-b,humidity,33.8
2024-03-22T07:30:00.000Z,zone-c,temperature,17.9
2024-03-22T07:38:00.000Z,zone-b,pressure,1003.7
2024-03-22T09:29:00.000Z,zone-c,light,776.1
2024-03-22T15:02:00.000Z,zone-d,humidity,59.4
2024-03-22T19:18:00.000Z,zone-c,temperature,25.5
2024-03-22T19:19:00.000Z,zone-d,light,870.2
2024-03-22T19:43:00.000Z,zone-d,humidity,54.4
2024-03-22T23:15:00.000Z,zone-a,light,628.4
2024-03-23T00:04:00.000Z,zone-a,temperature,21.1
2024-03-23T01:12:00.000Z,zone-c,humidity,39
2024-03-23T05:37:00.000Z,zone-d,temperature,30.8
2024-03-23T07:18:00.000Z,zone-b,pressure,1014.3
2024-03-23T09:32:00.000Z,zone-b,humidity,30.6
2024-03-23T10:23:00.000Z,zone-d,pressure,1006
2024-03-23T12:41:00.000Z,zone-c,pressure,1010.4
2024-03-23T14:24:00.000Z,zone-b,light,850.6
2024-03-23T15:52:00.000Z,zone-a,humidity,74.9
2024-03-23T16:28:00.000Z,zone-c,light,452.7
2024-03-23T17:40:00.000Z,zone-a,pressure,1007.1
2024-03-23T18:11:00.000Z,zone-b,temperature,24.5
2024-03-23T19:12:00.000Z,zone-d,temperature,25.6
2024-03-23T21:07:00.000Z,zone-b,humidity,58.7
2024-03-23T22:18:00.000Z,zone-c,humidity,33.8
2024-03-23T23:55:00.000Z,zone-a,temperature,30.9
2024-03-24T00:39:00.000Z,zone-d,pressure,998.5
2024-03-24T01:14:00.000Z,zone-d,humidity,71.4
2024-03-24T01:35:00.000Z,zone-c,temperature,30.4
2024-03-24T01:41:00.000Z,zone-a,humidity,66.9
2024-03-24T07:17:00.000Z,zone-a,pressure,1011
2024-03-24T09:40:00.000Z,zone-c,pressure,1019.9
2024-03-24T10:21:00.000Z,zone-c,light,387.4
2024-03-24T12:26:00.000Z,zone-a,light,168.5
2024-03-24T12:56:00.000Z,zone-b,temperature,21.1
2024-03-24T13:06:00.000Z,zone-b,light,789.5
2024-03-24T15:00:00.000Z,zone-d,light,237.4
2024-03-24T17:32:00.000Z,zone-b,pressure,1015.7
2024-03-24T22:07:00.000Z,zone-a,humidity,32.7
2024-03-25T01:45:00.000Z,zone-b,humidity,58.5
2024-03-25T01:56:00.000Z,zone-d,pressure,1015.5
2024-03-25T03:24:00.000Z,zone-a,temperature,23.7
2024-03-25T03:37:00.000Z,zone-a,light,217.4
2024-03-25T07:24:00.000Z,zone-d,humidity,33.2
2024-03-25T07:45:00.000Z,zone-a,pressure,998.7
2024-03-25T12:17:00.000Z,zone-b,temperature,24.4
2024-03-25T13:10:00.000Z,zone-b,light,871.5
2024-03-25T13:22:00.000Z,zone-d,light,791.8
2024-03-25T14:14:00.000Z,zone-d,temperature,26.7
2024-03-25T14:47:00.000Z,zone-b,pressure,1002.4
2024-03-25T15:35:00.000Z,zone-c,temperature,19.6
2024-03-25T15:38:00.000Z,zone-c,humidity,61.1
2024-03-25T16:11:00.000Z,zone-c,light,858.6
2024-03-25T16:15:00.000Z,zone-c,pressure,990.9
2024-03-25T19:48:00.000Z,zone-b,temperature,19.1
2024-03-25T20:06:00.000Z,zone-c,pressure,996.3
2024-03-25T20:40:00.000Z,zone-c,temperature,35
2024-03-25T22:13:00.000Z,zone-a,light,139.9
2024-03-25T22:33:00.000Z,zone-b,light,719.1
2024-03-25T23:24:00.000Z,zone-d,humidity,76.4
2024-03-25T23:52:00.000Z,zone-d,temperature,15.8
2024-03-26T02:38:00.000Z,zone-c,light,309.2
2024-03-26T05:25:00.000Z,zone-b,pressure,997.9
2024-03-26T06:45:00.000Z,zone-a,pressure,1004.1
2024-03-26T07:42:00.000Z,zone-d,light,433.4
2024-03-26T08:12:00.000Z,zone-a,humidity,34.3
2024-03-26T09:10:00.000Z,zone-c,humidity,72.7
2024-03-26T09:11:00.000Z,zone-b,humidity,61.3
2024-03-26T09:19:00.000Z,zone-d,pressure,991.6
2024-03-26T16:46:00.000Z,zone-a,temperature,16
2024-03-26T20:37:00.000Z,zone-b,pressure,1008.8
2024-03-26T21:26:00.000Z,zone-d,humidity,31
2024-03-26T21:46:00.000Z,zone-a,temperature,26.1
2024-03-26T21:50:00.000Z,zone-a,light,525.5
2024-03-27T01:23:00.000Z,zone-b,light,526.6
2024-03-27T04:49:00.000Z,zone-b,temperature,22.9
2024-03-27T05:32:00.000Z,zone-b,humidity,52.5
2024-03-27T08:09:00.000Z,zone-a,humidity,56.6
2024-03-27T08:16:00.000Z,zone-d,light,657
2024-03-27T08:30:00.000Z,zone-c,temperature,19.1
2024-03-27T08:58:00.000Z,zone-c,pressure,1003.7
2024-03-27T09:23:00.000Z,zone-d,temperature,34.3
2024-03-27T12:31:00.000Z,zone-d,pressure,997.3
2024-03-27T13:11:00.000Z,zone-a,pressure,1016.4
2024-03-27T14:39:00.000Z,zone-c,humidity,70.6
2024-03-27T16:14:00.000Z,zone-c,light,795.6
2024-03-27T20:17:00.000Z,zone-a,temperature,31.8
2024-03-27T20:25:00.000Z,zone-d,pressure,1001.8
2024-03-27T21:06:00.000Z,zone-b,pressure,1006.2
2024-03-27T21:52:00.000Z,zone-c,light,124.3
2024-03-27T21:57:00.000Z,zone-d,light,810.5
2024-03-28T01:01:00.000Z,zone-d,humidity,38.9
2024-03-28T05:41:00.000Z,zone-b,light,258.6
2024-03-28T06:38:00.000Z,zone-a,pressure,1009
2024-03-28T06:54:00.000Z,zone-a,light,762.9
2024-03-28T08:57:00.000Z,zone-b,temperature,18.3
2024-03-28T09:06:00.000Z,zone-c,pressure,1004.6
2024-03-28T10:55:00.000Z,zone-c,temperature,18.1
2024-03-28T11:19:00.000Z,zone-c,humidity,67.3
2024-03-28T13:32:00.000Z,zone-b,humidity,65.4
2024-03-28T13:57:00.000Z,zone-d,temperature,30.7
2024-03-28T17:16:00.000Z,zone-a,humidity,76.7
2024-03-28T18:38:00.000Z,zone-b,pressure,1011.8
2024-03-28T19:07:00.000Z,zone-d,temperature,30.8
2024-03-28T19:56:00.000Z,zone-d,pressure,1016.4
2024-03-28T21:58:00.000Z,zone-c,humidity,66.1
2024-03-29T00:37:00.000Z,zone-a,pressure,1020
2024-03-29T01:00:00.000Z,zone-a,light,842.1
2024-03-29T01:36:00.000Z,zone-c,temperature,30
2024-03-29T02:26:00.000Z,zone-a,temperature,30.1
2024-03-29T02:31:00.000Z,zone-a,humidity,51.5
2024-03-29T04:06:00.000Z,zone-b,light,108.7
2024-03-29T04:47:00.000Z,zone-c,light,834.9
2024-03-29T06:44:00.000Z,zone-b,humidity,69.8
2024-03-29T10:35:00.000Z,zone-d,light,154.7
2024-03-29T11:04:00.000Z,zone-d,humidity,69.4
2024-03-29T16:11:00.000Z,zone-c,pressure,991.6
2024-03-29T18:12:00.000Z,zone-b,temperature,19.1
2024-03-29T18:51:00.000Z,zone-a,light,758.2
2024-03-29T19:45:00.000Z,zone-d,light,813.3
2024-03-30T01:43:00.000Z,zone-a,humidity,49.9
2024-03-30T03:09:00.000Z,zone-b,light,143
2024-03-30T05:20:00.000Z,zone-c,pressure,1001.2
2024-03-30T05:42:00.000Z,zone-a,pressure,993.3
2024-03-30T06:12:00.000Z,zone-d,humidity,65.3
2024-03-30T09:18:00.000Z,zone-c,light,323.3
2024-03-30T12:53:00.000Z,zone-c,humidity,40.3
2024-03-30T13:11:00.000Z,zone-b,humidity,77.8
2024-03-30T14:24:00.000Z,zone-a,temperature,17.6
2024-03-30T14:34:00.000Z,zone-c,temperature,34.8
2024-03-30T14:39:00.000Z,zone-b,temperature,15.5
2024-03-30T14:57:00.000Z,zone-d,temperature,24.2
2024-03-30T15:10:00.000Z,zone-b,pressure,1004.8
2024-03-30T17:02:00.000Z,zone-d,pressure,1009.2